feature,value,B-LOC,B-MISC,B-ORG,B-PER,I-LOC,I-MISC,I-ORG,I-PER,O
attn_0_0_outputs,Emb2.V00,-0.035725527,-0.85248196,0.019285759,-1.4752818,0.6114572,0.30004144,-0.6882334,-0.15738763,0.6109278
attn_0_0_outputs,Emb2.V01,-1.1724823,-1.108034,-0.31191552,0.661137,-0.17242263,-1.7254578,-0.04048851,0.78452665,0.33060822
attn_0_0_outputs,Emb2.V02,-0.5560924,-0.24853684,0.3793863,-0.81481636,-0.55634385,-0.31363392,-0.16545591,0.527317,0.6862793
attn_0_0_outputs,Emb2.V03,0.43822834,-0.09457037,0.4434657,0.39952543,-1.6648971,-0.35196954,0.5377723,-0.57111233,-0.22205852
attn_0_0_outputs,Emb2.V04,-0.21843675,-1.0444617,0.43721732,-1.5230124,0.8915519,0.29706204,-1.0394937,1.4859186,-0.22671072
attn_0_0_outputs,Emb2.V05,-2.1030853,-0.6788504,0.59741026,-0.37511253,-0.004569276,-0.014052952,0.15360029,-1.6920247,0.7406573
attn_0_0_outputs,Emb2.V06,-0.59177387,-0.75864834,0.8721752,-0.14087234,-0.26390183,-0.55695975,0.29639348,-1.0392169,0.9206123
attn_0_0_outputs,Emb2.V07,-0.83172685,-0.6008632,0.97251844,-0.028101537,-1.4653482,0.17891803,0.20647123,-1.6595932,0.20886812
attn_0_0_outputs,Emb2.V08,-0.9807224,0.35093594,-0.7080427,0.4850022,0.4398992,0.25945348,-0.6224792,-0.7706402,0.6724586
attn_0_0_outputs,Emb2.V09,-0.06948932,-0.14246863,0.9263166,0.20439081,-1.0803988,-0.45616505,-0.21759889,-0.495402,0.5746607
attn_0_0_outputs,Emb2.V10,-0.87125033,0.27528018,-1.488787,-1.7744094,1.1657,0.28763053,-1.5885031,-1.033542,-0.3472466
attn_0_0_outputs,Emb2.V11,-0.030286115,-0.27904364,-0.77001476,0.029268807,-0.10877219,0.008672283,-0.53469443,0.42376944,-0.47206923
attn_0_0_outputs,Emb2.V12,-0.46316177,-1.7307185,-0.26554543,-0.21864025,0.8599628,-0.7067058,-0.7679879,-2.0736065,0.36488023
attn_0_0_outputs,Emb2.V13,0.073062815,-0.6075911,0.008550274,1.1443844,-2.4780014,-0.5953126,-0.41784012,-1.6854718,0.34761295
attn_0_0_outputs,Emb2.V14,-0.038118333,0.56970775,0.2566609,0.29962566,-1.6848024,-0.22081436,-1.5033741,-1.4924514,0.66847855
attn_0_0_outputs,Emb2.V15,-1.2681943,-0.02563334,-0.18997319,-0.86594164,0.5906468,0.9755121,0.3384006,-0.19338885,0.30172184
attn_0_0_outputs,Emb2.V16,-1.0588043,-0.631058,-0.48392203,-0.809582,-0.9547069,-1.2028452,2.060535,0.8609994,0.16195646
attn_0_0_outputs,Emb2.V17,-0.46469823,0.8386083,-0.49771583,-1.5819291,-1.7393137,1.6112236,-1.1879307,-0.6368073,0.26059183
attn_0_0_outputs,Emb2.V18,0.11319999,0.790162,0.35678032,0.014509562,-1.0737208,-0.79182684,-1.0322177,-2.0485682,0.21860188
attn_0_0_outputs,Emb2.V19,0.24914747,0.16211604,0.12798512,-0.37368134,-0.2842239,0.006199598,-1.1165736,-1.4907478,-0.053162705
attn_0_0_outputs,Emb2.V20,-0.6481607,-0.23041642,-1.548431,0.30863878,1.1059588,0.63449436,-0.57651997,1.5853153,-1.0054015
attn_0_0_outputs,Emb2.V21,-0.22325356,-0.14675294,0.27276883,-0.065255836,-0.96390975,-0.6465672,1.1604524,-1.7760315,0.4376902
attn_0_0_outputs,Emb2.V22,0.116939805,-0.10038749,0.35678768,-1.3157798,0.14687285,-0.53689384,0.8496675,-0.6632382,0.433621
attn_0_0_outputs,Emb2.V23,0.13632292,-0.08470353,-0.0093958685,0.07405739,-0.1033541,0.6389943,-0.06194247,0.61382854,-0.11428778
attn_0_0_outputs,Emb2.V24,-1.2167755,-0.06687251,-1.350788,0.051192384,-0.9400847,0.9930031,-0.9369861,1.8931168,0.19507067
attn_0_0_outputs,Emb2.V25,-0.64284015,-1.5413609,0.33393022,-0.5640014,-2.156136,-0.24057707,0.07812044,0.27947018,0.4512294
attn_0_0_outputs,Emb2.V26,0.27038223,0.30023232,0.4865789,-0.052849498,-0.81591547,-1.3179315,0.113837674,-2.1108322,0.05827079
attn_0_0_outputs,Emb2.V27,-1.355961,-0.9689024,-1.594977,-0.7985144,-1.8011185,-1.6725882,-2.279834,1.6877351,0.50432795
attn_0_0_outputs,Emb2.V28,-0.46274862,-0.8632982,0.7443641,-1.1718038,-0.20442188,-0.2304411,-0.28983152,2.253441,-0.61932695
attn_0_0_outputs,Emb2.V29,-0.18019225,-0.7196614,0.76999736,-1.474255,0.18261172,-1.1338145,1.115782,-0.0015351492,-0.39558536
attn_0_0_outputs,Emb2.V30,0.86196935,-0.5371731,0.7591393,0.39542386,-0.051323023,-0.47318077,0.10652757,-0.8497527,-0.3132872
attn_0_0_outputs,Emb2.V31,-1.1632845,-0.9480267,-1.5464844,-0.6911932,0.60776293,0.69688714,0.47981688,0.657271,0.43185622
attn_0_1_outputs,Emb3.V00,1.0672462,-0.5449762,-0.1600034,-1.2407354,0.20583938,-0.78438926,-0.9493801,-1.3097558,0.09507442
attn_0_1_outputs,Emb3.V01,-0.23330936,-0.004000892,0.29050395,0.07395605,-0.5858849,-0.27677268,-0.054098576,-0.900391,-0.5111678
attn_0_1_outputs,Emb3.V02,0.012596032,0.3875139,-0.09442104,-1.1000142,0.40672213,0.2570777,0.2941606,0.65253025,0.17800717
attn_0_1_outputs,Emb3.V03,-1.510432,0.091758095,0.4315902,-0.8147181,-1.5022296,-0.37740377,-0.25556624,0.3143226,0.26277038
attn_0_1_outputs,Emb3.V04,1.4476669,-1.4899871,-0.12649484,-1.1411827,1.3680156,-0.91906947,-0.73553157,0.6840346,0.34484982
attn_0_1_outputs,Emb3.V05,-0.7595587,0.14047584,0.22448438,0.91690266,-1.1692435,-1.9373257,-0.6310927,0.43465388,0.87445843
attn_0_1_outputs,Emb3.V06,-0.41102567,-0.6591141,0.19884758,1.3142673,-0.5420608,-0.24513724,0.22813144,-0.6142088,0.3861704
attn_0_1_outputs,Emb3.V07,-0.12594542,-0.59029543,0.11985653,0.6366855,0.3336549,-1.1822507,0.5984358,0.27990997,-0.1515848
attn_0_1_outputs,Emb3.V08,-0.6982378,-0.9874103,-1.178011,1.4554491,-1.9539645,-0.7046758,-0.8444794,1.7164515,-0.08447195
attn_0_1_outputs,Emb3.V09,-0.47440988,-2.3694158,1.2612798,0.3474585,-0.70408064,-0.8879021,0.99367446,-1.9909382,-0.15284914
attn_0_1_outputs,Emb3.V10,-1.5903516,1.5320252,-0.3040871,-1.3616482,-0.5001853,1.3672855,-0.3263581,-1.5223938,-0.21906912
attn_0_1_outputs,Emb3.V11,0.31211817,0.6371326,-1.0875316,-0.010085095,0.19019349,0.7077363,-0.26437262,0.6055928,-0.13491608
attn_0_1_outputs,Emb3.V12,0.41874146,-0.20878012,-1.0180628,-0.021559944,-0.11676627,-1.3459469,-0.93280274,0.13466416,0.7124002
attn_0_1_outputs,Emb3.V13,1.0530758,-2.7396264,1.0432546,-0.7712298,0.9575713,-2.921562,-0.0072186305,-1.5864588,-1.0591296
attn_0_1_outputs,Emb3.V14,0.061613884,0.6663043,-0.68721765,-1.1785283,-0.5872171,0.23606502,0.04215844,-0.881546,0.80151373
attn_0_1_outputs,Emb3.V15,0.08900469,1.3386023,-0.1745144,0.110660546,-0.9695371,0.924305,-0.193779,-1.149121,0.23190765
attn_0_1_outputs,Emb3.V16,-2.2444158,0.8759972,2.4675412,-1.3106843,-2.5890486,0.15745342,1.7713984,-1.3206311,-0.9121192
attn_0_1_outputs,Emb3.V17,-0.06356237,1.273139,-0.75610596,-1.0926208,-0.70890623,1.2176529,-0.35101262,-1.6216948,0.366677
attn_0_1_outputs,Emb3.V18,0.32659176,0.58314925,-0.697049,-0.95723534,0.7536487,-1.5818974,-0.43706897,-1.1327741,0.1995489
attn_0_1_outputs,Emb3.V19,0.24880074,0.19887295,-0.19840428,-1.04166,-0.3180066,-0.32491007,-0.35738772,-0.754153,0.17083555
attn_0_1_outputs,Emb3.V20,-0.08076536,0.11633217,-2.8143094,1.0709807,0.53961253,-0.035433732,-1.5611354,0.11054462,0.33838296
attn_0_1_outputs,Emb3.V21,-0.20670153,-0.50165725,-0.948143,-0.8541034,0.14346333,0.5047612,0.49397627,-0.33566543,0.26667908
attn_0_1_outputs,Emb3.V22,-1.8013004,-0.23047556,1.2831393,-0.27854496,-1.2929666,-1.6632193,0.91747165,-0.71409875,0.16993265
attn_0_1_outputs,Emb3.V23,-0.05194271,-0.9578925,-1.8242991,0.77180076,-0.74954987,-0.70224917,-0.90109915,0.35855472,1.0662704
attn_0_1_outputs,Emb3.V24,-0.85342723,1.9709125,-0.36376795,1.0424063,-1.1217581,1.8160236,-0.7746161,1.1836816,-1.7246932
attn_0_1_outputs,Emb3.V25,-0.7739096,-0.6041032,0.06415613,-0.45925727,-0.63628423,-0.0059681023,0.4020238,-0.046353865,0.2929931
attn_0_1_outputs,Emb3.V26,-0.22708893,-0.5134568,0.11423309,-1.1788752,-0.1550424,0.90641814,0.3740929,-0.72549415,0.40332514
attn_0_1_outputs,Emb3.V27,-0.7034959,0.5983061,-1.980673,1.6350176,-1.0095145,0.30593193,-1.6244626,0.32320094,0.030052897
attn_0_1_outputs,Emb3.V28,-1.4069719,-1.1608664,0.25858277,1.1343824,-1.8055894,-3.238957,-1.470088,-0.02986679,0.32343456
attn_0_1_outputs,Emb3.V29,-1.5808582,0.09304648,-0.115478545,0.60024416,0.463075,0.3735528,0.28667155,-0.3402425,-0.7784257
attn_0_1_outputs,Emb3.V30,0.3102403,-0.8800858,-0.4824165,-0.8396818,1.3676984,-0.25049585,0.34226814,1.6505289,-0.16626458
attn_0_1_outputs,Emb3.V31,0.08522507,-1.1907458,-0.29288605,0.2654945,0.13832921,-1.0056165,0.25699678,-0.80114496,0.26963675
attn_0_2_outputs,Emb0.V00,0.0987076,-0.1343077,0.38437304,0.17134966,0.25854006,-0.18588081,0.78012615,-0.9670709,-0.03397003
attn_0_2_outputs,Emb0.V01,-0.11738359,-0.26507798,0.40652114,-0.00037816053,-0.9043277,0.530434,0.045823928,0.20075549,0.08177113
attn_0_2_outputs,Emb0.V02,-0.3597879,-0.09046583,0.12448527,-0.057661053,-0.24959207,-0.11329424,0.11724926,-0.11242714,0.10226781
attn_0_2_outputs,Emb0.V03,0.690498,0.31497148,0.14058645,-0.15314019,-0.67109746,-1.3417655,-0.530818,-1.2209415,0.0043557417
attn_0_2_outputs,Emb0.V04,0.55515385,0.25511032,-0.17849603,0.027490936,0.49337962,-0.4539181,-0.5950075,-1.6106428,0.38663328
attn_0_2_outputs,Emb0.V05,0.67785347,0.20083235,0.3499322,0.6834054,-0.8493006,-1.9202238,0.7531486,0.03128257,0.54874736
attn_0_2_outputs,Emb0.V06,-0.19436723,-0.33760065,0.37351272,-0.40219814,-0.6210742,-1.0257465,0.61385906,1.530799,0.3862354
attn_0_2_outputs,Emb0.V07,0.5160562,0.19394113,0.31512502,0.34875515,-0.997728,0.03288092,0.44156137,-0.9599785,0.4889697
attn_0_2_outputs,Emb0.V08,-0.11627352,-0.882813,0.34487668,0.4803725,-0.7817928,0.34332737,-0.361312,0.04344274,0.24344249
attn_0_2_outputs,Emb0.V09,0.028955195,-0.46454817,-0.072693884,0.76929545,-0.7827704,-0.15697774,-0.14055373,-0.5118439,0.05844516
attn_0_2_outputs,Emb0.V10,-0.55263597,-0.049677294,0.104750074,-0.15924595,-0.36864138,0.56090814,-1.0071479,-1.4245366,-0.5342348
attn_0_2_outputs,Emb0.V11,-0.4988815,-0.28290415,-0.07076408,0.816809,-1.1190882,-0.016094808,-0.57080865,0.66299164,-0.29957277
attn_0_2_outputs,Emb0.V12,0.22816049,-0.26129282,-0.682428,-0.09214042,0.07094778,-0.13365275,-0.81030697,-0.92146206,0.2276047
attn_0_2_outputs,Emb0.V13,-0.031484008,-0.4308248,0.29596126,0.45911518,-1.0950905,-0.13233435,-0.49277088,-0.22535728,0.13407667
attn_0_2_outputs,Emb0.V14,-0.25758567,-0.26709914,-0.54505813,-0.038430486,-1.1882739,0.0031261607,-0.92374706,-0.012401357,0.459095
attn_0_2_outputs,Emb0.V15,-0.3150251,0.33944255,-0.62992555,0.058140982,-1.0558375,0.56567264,-1.0787442,-1.060535,0.173842
attn_0_2_outputs,Emb0.V16,-0.019144073,-0.090503685,-0.020571588,-0.5999689,-0.4107159,0.28081074,0.5625916,0.506336,0.46713176
attn_0_2_outputs,Emb0.V17,-0.86800224,0.6601644,-0.11612353,0.040807735,-0.31403774,0.8372516,0.5291615,-0.9487274,0.71510744
attn_0_2_outputs,Emb0.V18,-0.36489618,-0.22222227,-0.04067095,1.0154227,1.2247729,0.082521684,0.81044775,-0.8321996,0.44961473
attn_0_2_outputs,Emb0.V19,0.582999,0.031626593,-0.26079684,-1.1261721,0.12501603,0.7707076,-1.0446413,-1.4422462,-0.51362216
attn_0_2_outputs,Emb0.V20,0.21002278,-0.7415303,-0.93784904,0.6050723,0.11075832,0.07177434,0.065392666,0.78428,-0.15266462
attn_0_2_outputs,Emb0.V21,0.71263343,0.56220883,-0.60750115,-0.30130935,-0.3190725,-0.44623306,0.044668376,-0.5037545,0.47539303
attn_0_2_outputs,Emb0.V22,0.31104186,0.033301722,-0.034030944,0.048393365,-1.334389,0.5005769,-0.11759547,-1.1061567,-0.15034446
attn_0_2_outputs,Emb0.V23,-0.40072575,-0.34215385,-0.15437752,-0.14321266,-0.36449397,-0.36420423,-0.6850596,0.46266222,0.110775486
attn_0_2_outputs,Emb0.V24,0.07166118,-0.598045,-0.2455166,-1.0000032,0.16313678,0.62964886,-0.37005538,-0.09044936,0.31090847
attn_0_2_outputs,Emb0.V25,-0.2594501,-0.55657524,-0.19826312,-0.91920614,-0.44722348,-0.41931665,0.01369022,-0.64032346,0.37409884
attn_0_2_outputs,Emb0.V26,0.43574277,-0.71574014,0.64939034,-0.6035765,-1.3452514,0.6214133,-0.36346063,-0.57037795,0.6729619
attn_0_2_outputs,Emb0.V27,0.16123936,0.42088526,-1.0752679,-0.7372987,0.07400841,0.21260765,-0.25641036,-0.6520673,-0.3554668
attn_0_2_outputs,Emb0.V28,-0.47320083,-0.42119694,-0.86004907,0.16100618,0.027599987,0.47930503,0.29647967,0.6046606,0.3608046
attn_0_2_outputs,Emb0.V29,-0.45048285,-0.6361798,-0.07611527,-0.55364555,0.4385359,-0.1488097,0.5827031,0.6197915,0.8587273
attn_0_2_outputs,Emb0.V30,-0.1496855,0.4814007,0.19716476,-0.20891109,-0.18928485,-0.41746998,0.3055177,-0.30648285,0.57686955
attn_0_2_outputs,Emb0.V31,-1.1057968,-0.6510126,-0.25022545,-0.63161695,0.5041034,-0.4732319,-0.35642686,0.042905767,-0.09661951
attn_0_3_outputs,Emb3.V00,0.8117648,-0.2671313,0.5789436,-0.39121118,-2.3738217,0.109841764,-0.3335714,-1.7126915,-0.20092185
attn_0_3_outputs,Emb3.V01,-0.14326139,-0.6696866,-0.4165595,-0.43950525,0.75234073,0.24593136,0.372462,0.66392535,0.038010642
attn_0_3_outputs,Emb3.V02,-0.055768233,-0.9046152,-0.13517879,0.35997322,-0.917476,-0.6149517,-0.39395922,-0.77148366,0.06540697
attn_0_3_outputs,Emb3.V03,2.5358775,1.0148625,-1.6148313,0.5914163,-1.7191005,-2.878318,-0.80111486,-1.0714623,-0.01135846
attn_0_3_outputs,Emb3.V04,1.3771822,-1.5929476,-0.6989642,-0.07420966,-0.11265379,-2.0172262,-0.38507164,-0.8587812,0.4084122
attn_0_3_outputs,Emb3.V05,-0.34778616,0.9690081,0.41534036,0.76356465,-0.9798389,-1.4515048,0.21091966,-1.0031427,-0.12015473
attn_0_3_outputs,Emb3.V06,-2.8240821,-1.6960645,0.57311904,-1.8725909,0.39740476,-1.0754856,0.70155525,-0.1798326,0.93645334
attn_0_3_outputs,Emb3.V07,-0.1699443,0.22333454,-0.193813,-0.18583293,-1.1877953,-0.6043024,-0.3910641,-1.8617778,0.5323491
attn_0_3_outputs,Emb3.V08,-0.5932603,0.55328566,0.48920825,1.207227,-1.8520056,-2.1903315,-1.1507576,0.90097314,0.30728695
attn_0_3_outputs,Emb3.V09,-0.17336465,0.14642282,-0.6540857,-0.32840413,-0.15773956,-1.6971616,0.32790667,0.59385204,0.61423403
attn_0_3_outputs,Emb3.V10,0.068583265,-0.62625295,-0.57869786,-0.15907289,0.5895488,0.7604873,-0.37923533,-1.37592,1.2538996
attn_0_3_outputs,Emb3.V11,-0.4273027,0.110447295,0.23097838,0.8274158,-2.7171137,-1.6844648,-1.6460251,0.62730825,0.276811
attn_0_3_outputs,Emb3.V12,-0.050494686,-0.46432093,-0.91893655,0.10043485,0.9532114,-1.9756013,-1.5111653,-1.3067548,1.2519484
attn_0_3_outputs,Emb3.V13,-1.1695963,-1.1111008,-1.3600713,0.67830694,-1.3858628,1.2040174,-0.29310045,-0.49878055,0.55264306
attn_0_3_outputs,Emb3.V14,-0.14095126,0.2811852,0.76915294,1.1036265,-2.1195931,-1.6112827,-3.1637025,-1.311104,0.13292795
attn_0_3_outputs,Emb3.V15,-1.2250059,-0.9476622,-1.3398072,-0.4759274,0.59722096,1.3623221,0.6388631,-1.4817165,1.0063388
attn_0_3_outputs,Emb3.V16,-0.8805929,-1.6382936,-0.0966498,-2.0637982,-0.22280745,0.33301252,2.5776784,2.2820745,-0.3766404
attn_0_3_outputs,Emb3.V17,0.15093149,0.38574818,-0.3059416,-1.0093083,-2.6832647,2.070441,-0.5706685,-2.5942826,0.4436644
attn_0_3_outputs,Emb3.V18,-1.4072093,0.05063742,0.18519558,-0.33913654,1.7968789,0.96520054,1.495202,-1.4731615,-0.24550465
attn_0_3_outputs,Emb3.V19,0.79556936,1.3114651,-0.77412874,-0.19456145,-2.6894534,-2.5507896,-0.7671718,-2.2860956,-0.017948605
attn_0_3_outputs,Emb3.V20,-1.2660987,-0.7803865,-1.6687026,-1.2441955,2.0794907,0.5062869,-1.2107236,3.126644,-0.5803943
attn_0_3_outputs,Emb3.V21,0.0023955451,0.4547769,0.43585035,-0.26368403,-0.91572946,-0.44905353,-1.769335,-2.3867307,0.17272797
attn_0_3_outputs,Emb3.V22,-0.6561896,0.3800323,-0.5487671,-1.0518163,0.12826706,-1.1236188,0.21056703,0.5182986,0.33893722
attn_0_3_outputs,Emb3.V23,-1.3588395,-0.43424937,-0.06423708,-0.8244952,-0.84970254,-0.023704331,0.68495595,1.5820695,-0.20045969
attn_0_3_outputs,Emb3.V24,-0.70413315,-1.8696588,-1.0751135,-1.8808239,0.19428693,0.8320528,-0.15587507,2.3147001,-0.2767088
attn_0_3_outputs,Emb3.V25,0.2568707,0.021532975,-0.3925424,-0.69034034,0.18598074,0.44910112,0.9209281,-1.6769817,-0.16514373
attn_0_3_outputs,Emb3.V26,0.697584,0.7381142,1.3413562,0.77848756,-2.2143111,-1.2596786,-1.9768069,-3.6702545,-0.050882433
attn_0_3_outputs,Emb3.V27,0.83894,-0.016988266,-1.596744,-1.3139973,0.96379066,0.3822476,-0.95930994,1.1542809,0.2590967
attn_0_3_outputs,Emb3.V28,-1.2343422,-1.4953202,-0.8512252,-1.5265722,-1.3738711,0.60706794,1.7282487,2.690201,-0.18507478
attn_0_3_outputs,Emb3.V29,-0.8336881,-1.3348954,-0.5224765,-0.22511913,0.23369446,2.3663538,1.565168,-0.21799773,-0.5435827
attn_0_3_outputs,Emb3.V30,1.0870683,-0.5232932,0.58705556,-0.09307967,-2.5654452,0.2937751,-1.0119973,-2.078259,0.07563851
attn_0_3_outputs,Emb3.V31,-1.8806813,-1.0885761,-1.193806,-0.5097393,1.4920499,-0.06373439,0.53474367,2.8977208,0.13882686
attn_0_4_outputs,Emb0.V00,-0.29447114,-0.30034655,-0.22865209,-0.5971246,1.6025026,0.3181488,0.785021,-1.6460531,0.16364019
attn_0_4_outputs,Emb0.V01,0.019840477,-0.12261845,-0.37326506,0.4664373,0.38913,-0.03840379,0.05097085,0.12745048,-0.071246184
attn_0_4_outputs,Emb0.V02,-0.10618781,-0.6033973,-0.71649283,-0.14750873,0.7124659,-0.1226002,0.16671333,0.9544055,-0.24076864
attn_0_4_outputs,Emb0.V03,0.22481856,-0.12561612,-0.21680768,-0.28245386,-0.01645241,-0.6180587,0.6289321,0.17839596,0.05220431
attn_0_4_outputs,Emb0.V04,0.9074318,0.41499782,-1.0041444,-0.4909979,1.2760395,-0.83396196,-0.786932,-1.1364864,0.25302386
attn_0_4_outputs,Emb0.V05,-0.23281607,-0.42050004,0.81253964,-0.39171416,-0.30478138,-1.1243812,0.8731942,0.027145706,0.32013634
attn_0_4_outputs,Emb0.V06,-1.3402568,-0.92816156,0.5257689,-0.88926005,-3.4203656,0.5077212,0.8225354,-0.09268446,-0.1418898
attn_0_4_outputs,Emb0.V07,-1.7628869,-0.57533544,1.6336461,-1.1802948,-2.5475407,-0.50697786,2.0759346,-1.2787051,-0.6243719
attn_0_4_outputs,Emb0.V08,-1.1010277,0.21554159,-0.94128567,1.6869048,-1.9840046,-0.85242265,-1.5701455,1.0381708,0.21116151
attn_0_4_outputs,Emb0.V09,-1.6414086,-0.45341092,1.0568126,0.1786961,-1.5745828,-0.6309445,0.11437715,0.27225563,-0.1623098
attn_0_4_outputs,Emb0.V10,0.4634222,0.118288025,-0.5963942,-0.7195035,-0.05969153,0.48859718,-1.1731621,-1.0168349,0.70162606
attn_0_4_outputs,Emb0.V11,1.2159761,0.0121960975,-1.058976,0.19755942,1.169576,-1.4436545,-1.039109,-1.5812781,-0.3030718
attn_0_4_outputs,Emb0.V12,0.5943663,-0.19269621,-1.0354767,0.26956463,1.2100646,-1.1698637,-1.488622,-0.6704011,0.6659931
attn_0_4_outputs,Emb0.V13,-0.3720465,0.12400232,-0.2220378,0.4088036,-0.018413024,-0.34365708,-0.249975,0.63539517,0.6117125
attn_0_4_outputs,Emb0.V14,-0.62865704,0.2691947,-0.30646357,-0.010582831,-0.012728457,-0.99973303,-0.9289094,-0.5003168,1.250395
attn_0_4_outputs,Emb0.V15,-0.42317057,0.6219156,-0.4159996,-0.60161954,-0.9171565,1.7345759,-0.54631144,-1.1888032,0.44427127
attn_0_4_outputs,Emb0.V16,-1.8082155,0.44140795,1.2524235,0.40911734,-2.6218143,-0.47307625,1.034765,-1.1726646,0.28757513
attn_0_4_outputs,Emb0.V17,0.167913,0.8935017,0.5018101,-0.15248689,-0.86041915,0.8709223,-0.8185601,-1.6819581,0.15521067
attn_0_4_outputs,Emb0.V18,-0.88772565,-1.609897,1.2495259,-0.13486794,-0.77070206,0.44271663,0.56661487,-1.8923864,0.03021278
attn_0_4_outputs,Emb0.V19,0.66954994,0.9503245,-1.9611808,-0.6131895,0.638035,0.8101074,-2.099798,-2.586768,-0.10427143
attn_0_4_outputs,Emb0.V20,-0.8988537,-0.08492859,-0.5617683,0.27533606,0.10391968,0.9259188,-0.5220276,0.4241843,-0.45068714
attn_0_4_outputs,Emb0.V21,0.30697012,-1.6491127,0.8105083,0.19791856,-1.1693039,-1.4002037,0.03517169,-1.3477136,-0.6150233
attn_0_4_outputs,Emb0.V22,-1.13372,-0.22708757,-0.091147386,-0.54224813,-0.45855522,-0.58943886,0.071413755,-0.8233071,0.48197266
attn_0_4_outputs,Emb0.V23,-0.504979,-0.29732928,-0.6807479,-0.5483074,-0.09417795,0.07597466,-0.5225238,-0.066648684,-0.1081843
attn_0_4_outputs,Emb0.V24,-1.3255652,1.096975,-0.9635322,0.76121885,-1.7355368,1.2313304,0.087492846,-0.9286771,-0.9340669
attn_0_4_outputs,Emb0.V25,-0.70577395,0.20355256,0.8190531,-0.83802915,-1.6102551,0.8014356,-0.07394,-1.4139774,0.09103049
attn_0_4_outputs,Emb0.V26,-0.67929703,-0.66787237,-0.017196497,-0.7587817,-0.8234546,-0.7203259,-0.45032737,-0.9544848,0.6474991
attn_0_4_outputs,Emb0.V27,0.23284383,1.1329113,-0.44844615,-0.12444252,-1.1581594,-0.31282052,-1.3947879,-0.11808493,0.35872242
attn_0_4_outputs,Emb0.V28,-1.0800257,-0.699773,1.0872722,-0.581461,-0.8645104,-0.94864136,1.091095,-1.2162851,-0.06211134
attn_0_4_outputs,Emb0.V29,-0.35892767,-0.74363655,0.36989522,0.6763476,1.2773013,-0.69000316,0.11355927,-2.1185489,-0.39815718
attn_0_4_outputs,Emb0.V30,0.5551378,-1.7223233,0.45180413,-0.54785866,1.5628659,-1.9518068,0.118310146,-2.0167394,-0.6485703
attn_0_4_outputs,Emb0.V31,-0.3381466,-0.49845833,-0.50124574,0.5834957,-0.72712284,-1.5057607,-0.7571881,-1.0986238,0.06504398
attn_0_5_outputs,Emb1.V00,-1.121388,-1.5464994,-0.40641192,-1.4903629,-0.40293792,2.3645978,2.063677,-0.8181928,0.29962793
attn_0_5_outputs,Emb1.V01,-0.10260501,0.31229934,-0.9768425,1.1095576,-2.3657324,1.6331602,-2.2387433,0.6559553,0.21875754
attn_0_5_outputs,Emb1.V02,-1.0607475,-1.9057382,0.8702744,-0.058638044,-1.2756929,-0.44460437,1.2090536,1.1371778,-0.23041612
attn_0_5_outputs,Emb1.V03,-0.3656287,-0.29763025,-0.08238806,-1.3789941,1.1534357,0.6465368,0.54293704,-0.9547781,-0.7346361
attn_0_5_outputs,Emb1.V04,-0.18524234,-1.7421517,-0.88905984,0.2016318,1.3034029,-1.8523405,-1.1972479,-0.051450014,1.0896273
attn_0_5_outputs,Emb1.V05,0.69063455,-0.062204964,0.9480576,1.8719926,-3.0569293,-2.4866447,-3.299494,-2.0653672,-0.23173219
attn_0_5_outputs,Emb1.V06,-0.6591116,-0.07219028,-0.19514404,0.036635995,-2.0192199,-2.2897937,0.74763125,-1.2428986,0.5888944
attn_0_5_outputs,Emb1.V07,-2.1415167,-0.25432426,0.51352316,-1.7699484,0.702326,0.5160635,1.5211864,-1.8904952,0.57395774
attn_0_5_outputs,Emb1.V08,-1.3541564,-2.4777925,-0.7064409,0.008312704,1.5794103,2.396799,0.616175,-0.54436076,-1.0142026
attn_0_5_outputs,Emb1.V09,-0.26921996,0.35226873,0.4778418,0.5666901,-0.42959106,0.03950943,-0.32049328,0.9911746,0.078503445
attn_0_5_outputs,Emb1.V10,-1.5867832,1.1038624,-1.6780453,-1.2673786,0.70941484,0.8001181,-0.93175745,2.2543027,-0.4271554
attn_0_5_outputs,Emb1.V11,-0.13470806,0.08112426,0.12259269,0.035282116,-0.4983701,-0.5696482,-2.0354466,-1.8298056,0.4052475
attn_0_5_outputs,Emb1.V12,-1.7860075,-2.5666108,-0.90165365,-0.27951342,1.9151089,1.0940757,-0.61293745,0.27202156,-0.46486428
attn_0_5_outputs,Emb1.V13,-1.3305613,-1.7407326,-2.3750713,0.8944765,-1.3654605,1.1238214,0.9040233,-2.0921183,0.85564166
attn_0_5_outputs,Emb1.V14,0.7317416,-0.6993014,-0.19813132,-2.632482,0.17638654,-0.46965465,0.5851667,-2.5444856,-0.13323405
attn_0_5_outputs,Emb1.V15,-1.8926334,-2.859583,-0.0093992,-1.5007311,0.7658373,-0.09300957,0.6388496,3.2299454,-0.3933998
attn_0_5_outputs,Emb1.V16,-0.17221408,0.69432634,0.8725111,-0.5381873,-4.7687006,-1.9235516,-1.6197796,-0.85810435,0.98685545
attn_0_5_outputs,Emb1.V17,-0.93091404,0.18995063,0.033933423,-0.21124281,-1.6900443,1.4226724,-2.104621,-0.6839828,0.20109777
attn_0_5_outputs,Emb1.V18,-1.9575452,-0.28031233,0.3441053,-1.0742836,0.9779648,-2.712866,2.5977976,-0.066421226,-1.1585783
attn_0_5_outputs,Emb1.V19,-0.18664339,0.71167946,0.19073898,-1.5956697,-0.08253258,1.3905835,-0.3357965,-2.2038925,0.26290518
attn_0_5_outputs,Emb1.V20,0.9279079,0.096816376,-0.30537236,0.8861356,-0.05777448,-1.0921341,-0.6233204,-0.7751652,-0.89574045
attn_0_5_outputs,Emb1.V21,-0.92991775,-0.7266398,0.1625628,0.5658222,-2.652442,-0.67911357,0.08384672,-2.1599882,0.6564982
attn_0_5_outputs,Emb1.V22,-1.8126501,0.43401802,-0.66101396,0.13894275,-0.18693802,-1.9009738,1.3375809,-2.0099056,0.47452617
attn_0_5_outputs,Emb1.V23,-2.5694218,-1.3895319,-2.1308742,0.5705628,-1.8900281,-0.44900241,0.62181574,1.8698153,0.042584613
attn_0_5_outputs,Emb1.V24,-2.5723653,1.1100687,-1.1548547,-0.81152725,-0.1935965,1.3860816,-0.36464038,2.6799939,0.06493843
attn_0_5_outputs,Emb1.V25,-0.3759462,-0.22470683,-0.010433646,0.46824417,-1.1670873,-0.8851047,-0.42224908,-1.825568,0.102627054
attn_0_5_outputs,Emb1.V26,0.56362915,0.279864,1.5319463,-0.45160648,-1.7229421,-1.1483345,-2.228439,-2.2890859,0.606383
attn_0_5_outputs,Emb1.V27,0.5060658,0.23629805,-0.7409093,-0.22745386,-2.6789575,-3.0617018,-1.4301858,-0.8274759,1.115029
attn_0_5_outputs,Emb1.V28,-0.39209765,1.2894319,1.011865,0.19861937,-3.2299178,-0.32243356,-2.1397374,3.3450959,-0.38833714
attn_0_5_outputs,Emb1.V29,-2.0262368,-1.7717919,-0.17656074,-0.21647783,-1.8140435,0.36163196,0.81959236,2.5265598,-0.22206803
attn_0_5_outputs,Emb1.V30,-0.55524594,-1.551896,2.2853494,-0.5518676,0.6853544,-2.3228252,0.068683,-1.7709802,-0.029458163
attn_0_5_outputs,Emb1.V31,0.2848671,0.1289138,-0.38911036,1.0040495,-2.743704,-3.512585,-1.1498893,1.5600736,-0.095822155
attn_0_6_outputs,Emb0.V00,-0.82084715,0.17096123,0.04107048,0.18246569,0.90700376,-0.39444688,-0.38151443,0.046371248,0.0013465803
attn_0_6_outputs,Emb0.V01,-0.6797056,-0.2406642,0.37427968,-0.20652348,-0.21561211,0.32500982,0.10019793,0.216706,-0.43902397
attn_0_6_outputs,Emb0.V02,-0.08141312,0.045669504,0.08373473,-0.41678816,-0.063150965,-0.13306199,0.16433875,-0.37264428,0.113950215
attn_0_6_outputs,Emb0.V03,0.10380498,-0.5794329,0.09003001,-0.15933475,-0.45137706,-0.46388274,0.35545066,-0.004007603,0.13882409
attn_0_6_outputs,Emb0.V04,0.16903661,-0.5814391,-0.30278742,-0.3253539,1.1905487,-0.6840333,-0.7225384,-1.8133398,0.13863723
attn_0_6_outputs,Emb0.V05,-0.17034853,-0.026991772,0.17994483,0.08574128,-0.0054515046,-0.71119285,-0.23285866,0.40959537,0.17192915
attn_0_6_outputs,Emb0.V06,-0.41631514,-0.8789612,-0.5546638,-0.043756843,-0.6202345,-0.02678629,0.023643594,-0.5140718,0.083379544
attn_0_6_outputs,Emb0.V07,-0.2985072,-0.013160647,0.28751093,-0.17305297,-0.08642006,-0.14020395,0.29236537,0.022771666,0.053122625
attn_0_6_outputs,Emb0.V08,-0.9798496,-0.3575196,0.07604003,0.3617524,-1.6896344,-0.5767265,0.35398567,0.8326586,0.414961
attn_0_6_outputs,Emb0.V09,-0.5046924,-0.36304224,0.029655667,0.20286992,-0.3139629,-0.8648041,0.06821245,-0.0445828,-0.31675187
attn_0_6_outputs,Emb0.V10,-1.1645559,-0.42388985,-0.8064811,-0.52690977,0.08057643,0.6791011,-0.15820369,-1.097149,0.2693512
attn_0_6_outputs,Emb0.V11,-0.07796924,0.0025722699,-0.17187075,-0.18916605,-0.5509408,0.70104426,-0.48298913,-0.4083492,-0.21453577
attn_0_6_outputs,Emb0.V12,0.25217834,-0.7425963,-0.8945113,-0.8238997,0.82770026,-0.9050335,-0.6479876,-0.16315782,0.34234795
attn_0_6_outputs,Emb0.V13,-0.5988674,-0.42303655,-0.9976251,0.64774084,-0.15640591,0.44723222,-0.2894455,0.88986444,0.28119972
attn_0_6_outputs,Emb0.V14,-0.4174928,-0.40445006,-0.7416856,-0.27130157,-0.5505512,-0.97046083,-0.8343,-0.4090408,0.42991745
attn_0_6_outputs,Emb0.V15,-0.8272863,0.31093162,-0.40286905,0.05122544,-0.5848522,0.69721675,-0.116385736,-0.7121896,0.2998769
attn_0_6_outputs,Emb0.V16,-0.96029717,0.28201193,1.150482,0.24548735,-0.28634787,-0.29242864,0.28878948,-0.5317231,0.11735621
attn_0_6_outputs,Emb0.V17,-0.58173275,0.30940223,-0.65748954,-1.2159476,-0.20204543,1.0752146,-0.41642514,-1.1106428,-0.11336736
attn_0_6_outputs,Emb0.V18,0.20081694,0.27288237,0.45976096,-1.0026275,0.33200818,-0.59031755,-0.11351517,0.033358656,-0.022651838
attn_0_6_outputs,Emb0.V19,0.09730963,0.34032953,-0.7811552,0.04234393,0.48312017,-0.012279143,-0.87913454,-0.32090202,0.40960726
attn_0_6_outputs,Emb0.V20,0.71792996,-0.08329245,-0.5709886,0.18988717,-0.17291896,0.50739247,-0.8762542,0.89554924,-0.39925155
attn_0_6_outputs,Emb0.V21,-0.56829906,0.083309636,0.28377143,-0.49691933,-0.854701,-0.5733555,-0.09786684,-0.19635159,0.4367491
attn_0_6_outputs,Emb0.V22,-0.36198065,-0.37033576,0.3622103,-0.016071085,-0.4710034,-0.43292964,0.33519167,-1.2719238,0.47295907
attn_0_6_outputs,Emb0.V23,-0.34525916,0.41211277,-0.69152635,-0.12685615,-1.0676835,0.1057713,-0.20593944,-0.12984458,0.051489186
attn_0_6_outputs,Emb0.V24,-0.30849692,0.3936828,-0.3443772,0.13504545,-0.390073,0.5674355,0.2773336,-1.0217069,-0.06078974
attn_0_6_outputs,Emb0.V25,-0.75604594,0.19761668,-0.55014354,-0.32934293,-1.3885624,0.9228239,0.43047377,-0.34629798,-0.031175295
attn_0_6_outputs,Emb0.V26,-0.4893945,-0.4700606,-0.33685204,-0.12085748,-0.35094512,-1.1232134,-0.21050186,-1.2133486,0.3279297
attn_0_6_outputs,Emb0.V27,-1.0561739,-0.7198855,0.24999788,-0.23588039,-0.049662016,0.24362303,-0.6733888,-0.22975023,-0.43587875
attn_0_6_outputs,Emb0.V28,-0.8248893,-0.17672953,-0.25850952,0.34095576,0.63336277,-0.5818334,0.36294103,-0.2955086,-0.13131292
attn_0_6_outputs,Emb0.V29,-0.052702863,-0.6292912,0.2987289,-0.3393302,0.7286644,-0.3528632,0.23537356,-0.25014773,-0.15841715
attn_0_6_outputs,Emb0.V30,-0.24747589,0.21017654,0.1992441,-0.44181108,0.2885138,-0.3633829,-0.30173925,-1.423704,-0.21983492
attn_0_6_outputs,Emb0.V31,-0.4627953,-0.2449083,-0.5059698,0.15291974,-0.011687798,-0.86887145,-0.015810326,-0.40339494,0.30448174
attn_0_7_outputs,Emb0.V00,0.13709296,0.009839732,0.4206378,0.5055713,0.33451113,-0.5958238,-0.17418773,-0.52781916,-0.053265214
attn_0_7_outputs,Emb0.V01,0.08202728,0.47385392,-0.47508705,-0.0669353,-0.22000812,0.08362999,0.07042788,0.0015771666,0.5783099
attn_0_7_outputs,Emb0.V02,0.27789536,-0.17238535,0.17091815,0.37149802,0.008567435,-0.053855028,-0.13656016,-0.4343586,0.028917538
attn_0_7_outputs,Emb0.V03,0.07456433,-0.41464564,-0.19956811,0.24643725,0.85829,-0.25457227,-0.57634896,-0.21710157,-0.07917968
attn_0_7_outputs,Emb0.V04,0.97832733,-0.4067711,-0.9738896,-0.77964944,1.1095868,-0.0024422181,-0.80662674,-0.08504081,0.6618675
attn_0_7_outputs,Emb0.V05,-0.0333961,-1.0024451,0.4226674,0.9458115,-0.9351233,-0.4675262,-0.64804506,-0.021986153,-0.07870141
attn_0_7_outputs,Emb0.V06,-1.209124,0.2181197,0.74680203,-0.05380903,0.6738005,-0.5478042,0.2114437,-0.76072705,-0.24450321
attn_0_7_outputs,Emb0.V07,-0.9766437,-0.866102,0.9236948,-0.19644415,-0.46438807,-0.06508313,1.3044993,-1.0225228,0.4894851
attn_0_7_outputs,Emb0.V08,-0.23458621,0.14969869,-0.86443686,0.6820812,-0.36726168,-0.5025302,-0.40069008,0.2576671,-0.05609246
attn_0_7_outputs,Emb0.V09,-0.09791081,0.27363834,0.15285827,0.29785183,-0.26614428,-0.7708521,0.22250995,0.43265587,0.00067306374
attn_0_7_outputs,Emb0.V10,0.5887894,-0.8449368,-0.18835378,-0.42175868,-1.2443268,-0.14735748,-0.4761841,-0.6632522,-0.08252807
attn_0_7_outputs,Emb0.V11,0.9676738,-0.8253506,-0.7905646,-1.628457,0.2651898,-0.26640776,0.3289134,0.20896682,0.01855696
attn_0_7_outputs,Emb0.V12,0.29165465,-0.05970269,-0.91628015,0.025181007,0.39019606,-0.52993894,-1.1148657,0.8162543,0.88313365
attn_0_7_outputs,Emb0.V13,0.07013503,0.008929617,-0.41736716,0.023331717,-1.6125073,-0.33816147,-0.056387343,0.09058179,0.32255116
attn_0_7_outputs,Emb0.V14,0.3653585,0.15886457,-0.44281492,0.1866017,-0.24221236,-1.9993078,-1.3056664,0.032397594,0.45705807
attn_0_7_outputs,Emb0.V15,-0.9957505,0.8005422,-0.19939755,-0.32116842,-0.37369502,0.41788396,-0.4579142,-0.99286264,0.5766392
attn_0_7_outputs,Emb0.V16,-0.29412532,0.11562377,0.85957307,-0.5931366,-1.2500343,-1.3116758,0.95131296,-0.15832469,0.2449561
attn_0_7_outputs,Emb0.V17,-1.4302081,0.6011226,0.6266108,-0.42420185,0.20478982,0.23882073,0.019442623,-0.9369504,-0.4066723
attn_0_7_outputs,Emb0.V18,-0.6709114,0.81742334,0.24548906,-0.67993605,0.8816192,0.67343134,1.0915403,-0.76490265,0.11229928
attn_0_7_outputs,Emb0.V19,0.51964325,0.15369824,-1.0674148,-1.0934379,0.14016442,0.43678334,-1.0290341,-1.5163374,0.10189063
attn_0_7_outputs,Emb0.V20,0.55759716,-0.15295179,-0.8711362,0.27914587,-0.03678341,0.7594576,-0.11818145,-0.093945086,0.09064555
attn_0_7_outputs,Emb0.V21,-1.0551541,-0.19097538,-0.04914806,-0.65041965,-0.63448226,-1.025604,0.47020945,0.22456288,0.5496809
attn_0_7_outputs,Emb0.V22,-0.15374462,-0.20456013,0.077014804,-0.45465338,-0.31990477,-0.77068925,0.14467956,0.00213617,-0.05549073
attn_0_7_outputs,Emb0.V23,0.0865477,-0.7571654,-0.70817584,-0.21069618,-0.05730003,-0.42219925,-0.31354678,0.3080643,-0.0072250585
attn_0_7_outputs,Emb0.V24,-0.9086668,0.8153823,-0.72619957,-0.4004934,0.37686324,0.77248406,-0.05764595,-0.17669608,0.26067054
attn_0_7_outputs,Emb0.V25,-0.46342817,0.2979366,-0.24159303,-0.60383725,-0.36330482,0.6013239,-0.4754387,-0.050676823,-0.04461491
attn_0_7_outputs,Emb0.V26,-0.2959263,0.13320085,0.09812185,-0.70037997,-1.0223521,-0.8918841,-0.28549707,-0.6134837,0.40567008
attn_0_7_outputs,Emb0.V27,-0.8358373,0.157457,0.059600804,-0.736905,-0.33372942,-1.2854093,-0.5569095,0.047574427,-0.086432725
attn_0_7_outputs,Emb0.V28,-0.87116075,-0.6293254,-0.35625452,-0.90129954,-0.17315981,0.69166523,0.7280792,-0.23756003,0.71305823
attn_0_7_outputs,Emb0.V29,-0.23448575,-0.53834856,-0.893578,-1.2600447,0.2537015,1.0121659,0.50004303,-1.2538682,-0.552614
attn_0_7_outputs,Emb0.V30,0.28390157,-1.2972183,0.27517322,-0.5195542,0.41644716,-0.36865675,-0.044701193,-0.20458966,0.09279764
attn_0_7_outputs,Emb0.V31,0.31105873,0.091929495,-0.64329493,-0.8355151,-0.11776215,-0.1868842,0.17383604,0.14586638,0.18943089
attn_1_0_outputs,Emb0.V00,0.4637218,-0.037407763,0.22598052,-0.015109121,-0.36523297,-0.46333578,0.67227566,-1.2854798,0.37163877
attn_1_0_outputs,Emb0.V01,0.05730795,0.10956241,0.46918362,-0.41436407,-0.69237727,-0.064146675,-0.39188236,-0.3674,0.12916328
attn_1_0_outputs,Emb0.V02,-0.15216306,0.014660996,-0.36432204,-0.17875572,0.09036126,-0.19794281,0.11681014,0.24669378,0.12173482
attn_1_0_outputs,Emb0.V03,0.22683258,0.49971923,0.3137223,-0.6224742,-0.101153195,-0.27458653,0.20148383,-0.4067862,0.13348402
attn_1_0_outputs,Emb0.V04,1.056588,0.20975536,-0.28989774,-0.9754222,1.1728313,-1.4050388,-0.039768007,-1.4811577,0.17407855
attn_1_0_outputs,Emb0.V05,0.309024,-0.6034866,0.009604433,-0.50420725,0.31104863,-1.173005,0.18821476,1.9315335,-0.4200942
attn_1_0_outputs,Emb0.V06,-0.37436292,-0.0978224,-0.015133818,0.37092963,-0.6126292,-0.47835314,0.66345155,0.34826466,-0.0676272
attn_1_0_outputs,Emb0.V07,-0.8630024,-0.3661151,0.7540698,-0.67410177,-1.7530524,0.08988531,1.0157768,-1.1433723,0.19699454
attn_1_0_outputs,Emb0.V08,-0.25539032,-0.15103821,-0.45362788,0.34998024,-1.5753267,0.2887859,-0.6858797,0.8423704,0.00028447894
attn_1_0_outputs,Emb0.V09,-0.02384789,-0.12763956,0.44452015,0.5365099,-0.24191462,-0.84446204,0.12770474,0.4042843,-0.13176154
attn_1_0_outputs,Emb0.V10,-0.46512532,-0.02232695,-0.37597522,-1.2865824,0.0860213,-0.9268807,0.43564913,-0.84219843,0.16279714
attn_1_0_outputs,Emb0.V11,1.0895505,-0.4947893,-0.23397544,0.51018155,0.45441765,-0.30962342,-0.7352215,0.16495524,-0.030696623
attn_1_0_outputs,Emb0.V12,0.49864253,0.06744858,-0.7877219,0.40441942,0.53040135,-1.2582797,-1.2745489,-0.53445953,0.54907393
attn_1_0_outputs,Emb0.V13,0.06547392,0.20283814,-0.17318782,0.48316664,-0.7907267,0.20296519,-0.9193443,0.14313202,0.49740413
attn_1_0_outputs,Emb0.V14,-0.89456695,-0.32871,-0.38925642,-0.14612293,-1.359883,-1.1503088,-1.7061304,0.16903098,0.5892141
attn_1_0_outputs,Emb0.V15,-0.5167678,0.48184282,-0.2838037,-0.10969921,-1.1071857,0.5539084,-0.69853723,-1.0505933,0.18902119
attn_1_0_outputs,Emb0.V16,-0.47550368,-0.33269385,1.1041833,-0.5886381,-1.0911711,-0.73220706,0.6032787,-0.3682385,0.1683076
attn_1_0_outputs,Emb0.V17,-0.019504637,-0.22218855,0.18276575,-1.0545267,-1.1695348,1.1730835,-0.34399283,-1.3589821,0.20949799
attn_1_0_outputs,Emb0.V18,-0.24900375,-0.12379214,0.37336442,-0.3300113,-0.06727345,-0.39534932,0.99953556,-0.9597921,-0.11361211
attn_1_0_outputs,Emb0.V19,0.8592541,0.79851794,-0.016280664,-0.3083273,-0.6642151,0.06296892,-0.6177168,-0.7940521,0.36187378
attn_1_0_outputs,Emb0.V20,0.56471765,-0.006326823,-0.57126904,0.42191148,0.10980891,0.7697895,-0.8389259,0.013578497,-0.47934166
attn_1_0_outputs,Emb0.V21,-0.8576546,-0.41357186,0.16787197,-0.27175674,-0.57009286,-0.73219305,0.72432613,-0.43480995,0.24406901
attn_1_0_outputs,Emb0.V22,-0.2625508,-0.011195901,0.1362198,-0.4333252,-0.8726893,-0.3002972,0.58993405,-0.98832285,-0.009842476
attn_1_0_outputs,Emb0.V23,-0.32783973,-0.35520113,-0.022114052,-0.15522897,-0.7866689,-0.25834402,-0.5547373,0.13876115,-0.009475268
attn_1_0_outputs,Emb0.V24,-0.70050377,0.5278554,-0.6154165,0.70162827,-1.8277735,0.35490432,-0.75734925,-0.6263597,0.03190389
attn_1_0_outputs,Emb0.V25,-0.6752916,0.0043238965,0.2400319,-0.4553532,-0.89529055,0.3558273,0.1777962,0.10186762,0.12116315
attn_1_0_outputs,Emb0.V26,-0.34580877,-0.6055522,-0.18885171,-0.23615584,-0.7404141,-0.99832696,-0.17716634,-1.4590377,-0.0061481483
attn_1_0_outputs,Emb0.V27,0.39872667,0.48215616,-0.6701875,0.29231802,-0.10325075,-0.46295115,-0.21905404,-0.96700376,-0.034617867
attn_1_0_outputs,Emb0.V28,-0.33834127,-0.5159379,0.13509634,0.19399282,-0.65778565,-0.4725591,0.45581433,0.25739828,-0.03603535
attn_1_0_outputs,Emb0.V29,0.07589907,-0.23597617,-0.15916145,-0.25107405,0.65617657,-0.5734388,1.0639138,-0.3873396,0.23509334
attn_1_0_outputs,Emb0.V30,0.7069225,-0.49329287,0.32436183,0.39724848,0.5236973,-1.1459323,-0.1306872,-0.74366003,-0.13756488
attn_1_0_outputs,Emb0.V31,0.32872242,-1.0287678,0.04717943,0.3138581,-0.30469498,-0.3198631,-0.049983244,-0.14148839,0.16282442
attn_1_1_outputs,Emb0.V00,0.3696388,0.7744692,0.9898167,0.0754015,-1.9936953,-1.0942045,-0.8077901,-0.6069163,-0.36966458
attn_1_1_outputs,Emb0.V01,-0.24918534,-0.6969758,-0.27553156,-0.062809445,0.53366834,0.39656994,0.7985733,0.30126548,-0.067040965
attn_1_1_outputs,Emb0.V02,0.46002585,0.22623596,0.51605934,0.49783453,-1.5586009,-2.4877145,-0.6679466,-1.4518526,0.5395366
attn_1_1_outputs,Emb0.V03,0.56862795,-0.11230432,-0.138631,-0.16112597,-3.4381175,-1.1286664,-0.076243766,-1.9856961,0.18687332
attn_1_1_outputs,Emb0.V04,0.4504016,-0.60507154,0.47232306,-0.1056352,-1.260234,-0.465994,0.57664937,0.12283974,0.5053315
attn_1_1_outputs,Emb0.V05,1.0149918,-0.979119,0.7042626,1.2695724,-1.1050316,0.53431803,-0.49599475,-0.9597858,0.45008734
attn_1_1_outputs,Emb0.V06,0.78643835,-0.25920618,0.86785007,0.76552624,-0.7340501,-0.06574953,-1.4535707,-3.445534,0.6089882
attn_1_1_outputs,Emb0.V07,-0.18566538,0.11827139,0.7087241,0.1459326,0.02975002,0.44341564,-0.086627215,-0.032353666,0.28664258
attn_1_1_outputs,Emb0.V08,-0.33773094,-0.5150915,-0.36043215,0.38130966,0.081000715,-0.017086187,0.3057183,0.22906786,0.56457275
attn_1_1_outputs,Emb0.V09,-0.33981428,-0.10664094,0.022586074,0.6984887,-0.5609552,-0.57970685,-0.22758101,-0.44358355,0.09354485
attn_1_1_outputs,Emb0.V10,0.030104367,-0.07405579,-0.22400306,0.65774626,-0.91387177,-0.9446975,-0.75047773,0.06458101,0.6235112
attn_1_1_outputs,Emb0.V11,-0.5001518,0.025448443,-0.6900145,0.56840503,-0.036200207,-0.6127464,-0.48028758,0.8907812,-0.15097593
attn_1_1_outputs,Emb0.V12,-0.16263726,-0.7424172,-0.46241942,0.8031857,-0.7341429,0.22066224,0.12371133,-1.497258,0.61417305
attn_1_1_outputs,Emb0.V13,-0.08056879,0.12393793,0.038881734,0.48979282,-0.6634582,-0.27758822,-0.64209944,-1.4602333,0.26176003
attn_1_1_outputs,Emb0.V14,-0.015899489,-0.27294055,-0.1625612,0.005309846,-1.6632065,-1.2878098,-0.9457589,1.1999,0.23133601
attn_1_1_outputs,Emb0.V15,0.016947653,-0.19940048,-0.31205124,0.68071055,-1.7528042,-1.1109391,-0.9521356,-0.85966396,0.75167555
attn_1_1_outputs,Emb0.V16,-1.4810174,-0.55863595,-0.35816717,-0.01968171,0.5217993,-0.16853078,0.77028257,1.1833237,0.49864158
attn_1_1_outputs,Emb0.V17,-0.053656112,-0.35508838,-0.14195816,-0.8950413,-0.5337249,1.2458336,-0.24635388,-0.025962908,-0.3510643
attn_1_1_outputs,Emb0.V18,-0.9557074,0.56691045,-0.1609306,-0.25468004,0.7492526,1.2318081,0.5914294,-1.1741825,0.041453835
attn_1_1_outputs,Emb0.V19,-0.23796672,0.19483155,0.05699517,-0.43700746,-0.1618965,0.28409657,0.6642553,-0.2505239,0.4309452
attn_1_1_outputs,Emb0.V20,-0.70302695,-0.4978033,-0.41256663,-0.5282465,-0.07577076,0.46537274,0.116422854,0.32394442,-0.059017584
attn_1_1_outputs,Emb0.V21,-0.64506346,-0.6178757,-0.4136651,-0.4491779,0.79754186,-1.1130042,1.4513754,0.5157574,0.12294586
attn_1_1_outputs,Emb0.V22,0.46061504,0.15590385,-0.15321991,-0.11451713,-1.7006866,0.17866723,-0.408565,-0.7667114,0.4208222
attn_1_1_outputs,Emb0.V23,-0.62972337,-0.3745037,-0.24242283,-0.32152018,-2.832246,-1.9392072,-1.1733983,1.3730248,0.12113608
attn_1_1_outputs,Emb0.V24,-0.49762818,0.4243566,-0.31947666,1.2579193,0.1895564,-0.7149377,-0.05119542,0.06326262,-0.1886413
attn_1_1_outputs,Emb0.V25,-0.44986895,-0.75584793,-0.8032834,-0.99804157,-0.29361105,0.3046947,0.77949685,0.89085454,0.2723482
attn_1_1_outputs,Emb0.V26,0.30512875,0.09440423,0.019736692,-0.47209767,-0.71586293,0.08435311,-0.3379233,-0.48133257,0.5924657
attn_1_1_outputs,Emb0.V27,-0.21625753,0.25272796,-0.9378601,-0.14105408,-0.672322,-1.7581319,0.1403187,0.15987225,0.35892075
attn_1_1_outputs,Emb0.V28,-0.43430582,-0.23363753,-0.18535337,-0.14579959,0.6827089,1.1297343,0.6493512,1.4413165,-0.25751013
attn_1_1_outputs,Emb0.V29,-1.1178664,-1.4037547,-0.5930709,-0.473245,1.7949554,1.1003066,1.0525389,0.15356351,-0.47712547
attn_1_1_outputs,Emb0.V30,-0.72695386,-1.0416241,-0.5809254,-0.7076028,0.4290104,0.23608132,-0.03459714,-0.79572266,0.56635565
attn_1_1_outputs,Emb0.V31,-0.58154184,-1.2432073,-0.010104798,-0.116725236,0.31887308,0.9172126,-0.051631678,1.921321,0.14767253
attn_1_2_outputs,Emb0.V00,-0.110071406,0.051623452,0.038908392,-0.16897212,0.511206,-0.048147053,0.71657485,-0.69401103,-0.12096306
attn_1_2_outputs,Emb0.V01,0.026323942,0.13376234,0.101141,-0.091236286,-0.60642725,-0.17275421,0.3922812,0.048266876,0.25320593
attn_1_2_outputs,Emb0.V02,-0.2147513,-0.5743646,-0.18276802,0.026662761,0.08369569,-0.23735426,-0.0022956168,0.09061453,0.13412054
attn_1_2_outputs,Emb0.V03,-0.31101808,-0.010518617,0.05504215,-0.2162907,0.63197625,0.1183976,0.39554402,-0.9782794,0.19617893
attn_1_2_outputs,Emb0.V04,0.82636684,-0.03504548,0.34628516,-0.33296385,-0.3652532,-0.27317867,-0.22357062,-0.22827135,0.57426244
attn_1_2_outputs,Emb0.V05,0.19231853,0.847444,0.5737989,0.05698516,-0.11364407,-0.4091991,0.2381667,0.56418705,0.29470894
attn_1_2_outputs,Emb0.V06,-0.31293508,-0.49322405,0.411197,0.46001467,-0.19699344,-0.36028907,0.11047774,-1.0711892,0.17114593
attn_1_2_outputs,Emb0.V07,-0.052131493,-0.3950255,0.78328955,-0.024058998,-1.4095302,-0.81540257,0.45950657,-1.3269607,0.22895288
attn_1_2_outputs,Emb0.V08,-0.5701878,0.017396413,-0.26396874,0.5729707,-1.0586047,-0.67490077,-0.032184064,0.76162386,0.08289445
attn_1_2_outputs,Emb0.V09,-0.42223135,-0.30453458,0.0031492265,0.18811627,-1.286439,-1.1353972,-0.15289126,1.0883372,-0.011834857
attn_1_2_outputs,Emb0.V10,-0.6578593,-0.09268867,0.058589973,-0.9909454,0.106071144,0.2250838,-0.61412275,-0.10736268,0.27481902
attn_1_2_outputs,Emb0.V11,0.057776455,-0.07341447,0.19330244,0.113211066,0.09497503,-0.70558125,-0.2858537,0.33420438,-0.32142046
attn_1_2_outputs,Emb0.V12,0.24080284,0.05241265,-0.6272689,-0.08991135,-0.61136097,-1.2430574,-1.152206,-0.6136776,0.8147036
attn_1_2_outputs,Emb0.V13,-0.62135226,-0.25878316,0.06378035,-0.04753916,-0.24039242,0.82245594,-0.8353478,0.074955665,0.27147743
attn_1_2_outputs,Emb0.V14,-0.044779837,-0.103226766,-0.39432058,0.32767677,-0.65911007,-0.70754427,-1.1339597,-1.1559961,0.7426083
attn_1_2_outputs,Emb0.V15,-0.291641,0.6630217,-0.22591266,0.29194295,-2.157751,0.41972274,-0.7123491,-1.3730433,0.7862072
attn_1_2_outputs,Emb0.V16,-0.1920318,-0.17348105,0.5574954,-0.095661104,-1.3193456,-1.0097531,0.57412136,0.009207832,0.33720985
attn_1_2_outputs,Emb0.V17,0.13118629,-0.15582559,-0.16278985,-0.3520737,-0.6955616,1.2083354,-0.27544746,-0.2413294,0.116755165
attn_1_2_outputs,Emb0.V18,-0.09075853,-0.4819712,0.1863086,-0.67467403,0.4207469,0.49606627,0.6883131,-0.56429666,-0.118620805
attn_1_2_outputs,Emb0.V19,0.02958374,-0.033833228,-0.23636617,-0.15510112,0.3861939,0.53551525,-0.017058235,-1.0905745,0.3711061
attn_1_2_outputs,Emb0.V20,-0.38542706,0.29199886,-0.91259617,0.020450056,1.0661074,-0.09563084,-1.0626745,1.1273116,-0.16517569
attn_1_2_outputs,Emb0.V21,-0.784558,-0.94298095,0.365672,-0.82130426,-0.045728542,-0.689433,0.6664246,-1.003164,-0.24568397
attn_1_2_outputs,Emb0.V22,-0.7171173,-0.21511014,-0.26239428,-0.49288806,-0.5488242,0.035304345,-0.10944115,-1.6452587,0.2509118
attn_1_2_outputs,Emb0.V23,-0.8279851,-0.6410438,-0.001055587,0.107290976,-1.3569041,-1.1970751,-0.27549955,0.28584558,0.21012346
attn_1_2_outputs,Emb0.V24,0.04372591,0.62148523,-0.5497075,0.039449807,-0.9478041,0.7443253,-0.75485194,-0.14039712,-0.056903377
attn_1_2_outputs,Emb0.V25,-0.04553156,0.23844571,0.2407414,0.26446757,-0.43313098,0.4358366,0.19560513,-0.8543443,0.2486947
attn_1_2_outputs,Emb0.V26,-0.3163561,-0.14541367,0.6051055,-0.2764506,-1.392275,-0.88597816,-0.115016736,-0.92472947,0.7926717
attn_1_2_outputs,Emb0.V27,0.01674919,0.33302084,-0.06652001,-0.9663806,0.59554255,-0.39949065,-0.7055986,-0.698992,-0.10017882
attn_1_2_outputs,Emb0.V28,-0.61942387,0.033497527,0.4019073,-0.5498317,0.053433888,-0.6271872,-0.02634285,0.6886968,0.041404907
attn_1_2_outputs,Emb0.V29,-0.31881094,-1.138327,0.04408409,-1.2154129,1.3716582,-0.95512146,0.7059483,-1.2983112,-0.044943564
attn_1_2_outputs,Emb0.V30,0.5626784,-1.0922161,-0.003534986,-0.39348316,0.8647863,-1.4698981,-0.46823722,-1.4286914,-0.21188259
attn_1_2_outputs,Emb0.V31,0.157043,-0.00070164923,0.35849884,-0.3359274,-0.18012619,-0.7128685,-0.40820995,-0.12239793,-0.0002793821
attn_1_3_outputs,Emb0.V00,0.32256877,0.25551188,-0.29011488,-0.48016867,-0.046397816,-0.062920816,-0.23676781,-0.3058124,-0.2069205
attn_1_3_outputs,Emb0.V01,-0.5211681,-0.3564361,-0.2334608,-0.344091,-0.9272056,0.13157576,-0.06717655,-0.3140099,0.012377359
attn_1_3_outputs,Emb0.V02,-0.24187005,-0.15591475,-0.033966374,-0.018172355,-0.12446941,-0.14440839,0.04274871,-0.2196867,0.10941461
attn_1_3_outputs,Emb0.V03,-0.2933988,-0.1690514,-0.2952054,0.20495816,0.25182727,-0.66297954,0.069708236,0.09527431,-0.10893616
attn_1_3_outputs,Emb0.V04,1.1011448,-0.08748968,-0.60523146,-0.5251102,1.0569509,-0.26382387,-0.26405644,-0.9498095,0.2927425
attn_1_3_outputs,Emb0.V05,0.270906,0.15449394,0.093564235,0.33224535,-0.050262067,-0.7647848,-0.30314153,0.62385035,0.23982441
attn_1_3_outputs,Emb0.V06,0.09518896,-0.5454705,0.043545958,0.053479202,-0.38271108,-1.3552527,-0.07757498,-0.0480506,0.20982134
attn_1_3_outputs,Emb0.V07,0.01747982,-0.07318665,-0.063061915,-0.19069985,0.46199885,-0.16532241,0.3597981,0.15008736,0.35524943
attn_1_3_outputs,Emb0.V08,-0.44957334,-0.6335989,-0.32776764,0.30785576,-1.002628,-0.7782899,0.06546201,0.54134333,0.24493475
attn_1_3_outputs,Emb0.V09,-0.61160463,-0.42992735,0.073313944,0.2012277,-0.16089195,-0.8077188,0.10242328,0.21225604,-0.02603822
attn_1_3_outputs,Emb0.V10,-0.39860958,-0.064166054,-0.15360993,-0.43657902,0.051450357,-0.020053083,-0.015807884,-0.9820851,0.4339124
attn_1_3_outputs,Emb0.V11,-0.09227335,-0.58678985,-0.35687438,0.7143118,-0.044686742,-0.07790726,-0.86745137,1.4720176,-0.036134347
attn_1_3_outputs,Emb0.V12,0.78690124,-0.31677827,-1.3189186,0.043930937,0.8126305,-0.8396489,-0.43679124,-0.3081608,-0.108085625
attn_1_3_outputs,Emb0.V13,-0.27836463,-0.3318398,-0.4746181,0.07339404,-0.10546334,-0.422007,-0.47447866,-0.14150976,0.04822583
attn_1_3_outputs,Emb0.V14,-0.25746748,-0.114678755,-0.5348939,0.2580719,-1.0835655,-1.0020483,-0.54120415,0.060742714,0.5571613
attn_1_3_outputs,Emb0.V15,-0.74507546,-0.1902501,-1.0523975,0.069838226,-1.3689889,0.3197408,-0.8009751,-0.86355025,0.2726471
attn_1_3_outputs,Emb0.V16,0.19404276,-0.40403908,0.23626518,-0.15994295,-1.0595913,-0.45579237,0.43279922,-0.49495786,0.041378755
attn_1_3_outputs,Emb0.V17,0.12460005,0.40061623,-0.23845312,-0.43724728,-0.6515847,-0.21908022,-0.47274756,-0.8593866,0.3947061
attn_1_3_outputs,Emb0.V18,0.3970428,-0.3024066,0.0076379227,0.43613186,0.37897262,-0.94064325,0.007842622,0.73603225,0.15215014
attn_1_3_outputs,Emb0.V19,0.7669062,-0.61946297,-0.8305595,-0.19015953,-0.36039996,0.12014656,-0.7053969,-0.9291406,0.24178657
attn_1_3_outputs,Emb0.V20,0.08703806,-0.07616726,-0.48538217,-0.27082357,0.07215487,-0.013031296,-0.60748833,0.38224262,-0.06175397
attn_1_3_outputs,Emb0.V21,-0.746477,0.030645877,-0.4503094,-0.4744302,-0.1313366,-0.089442916,0.04339236,-0.24495417,-0.24245252
attn_1_3_outputs,Emb0.V22,-0.13608359,0.25868878,-0.2529711,0.032622553,-0.7684268,0.132814,0.69555783,-0.5070463,0.07128324
attn_1_3_outputs,Emb0.V23,0.22665283,0.13667607,0.089105405,0.29491428,-0.28143612,-0.57132494,0.04516633,0.2551815,0.48371732
attn_1_3_outputs,Emb0.V24,-0.68693614,0.33125272,-0.4728879,0.118665524,-0.633357,0.46916744,-0.6009473,0.40768293,0.46740153
attn_1_3_outputs,Emb0.V25,-0.28032705,0.23959084,-0.6750483,0.11092653,-0.8853314,-0.08082019,-0.34240872,0.21363561,0.11253725
attn_1_3_outputs,Emb0.V26,-0.17085367,-0.028618002,0.21486257,-0.39780083,-0.26183492,-0.45740053,0.3291028,-0.19140345,0.3515723
attn_1_3_outputs,Emb0.V27,-0.2189678,-0.42220235,-0.14324751,-0.11078624,0.07530003,-0.098919936,-0.036687966,-0.10479969,0.5806486
attn_1_3_outputs,Emb0.V28,0.09740614,-0.48054567,-0.6208161,-0.2530702,0.82039183,-1.0839986,0.6599418,0.24129187,0.02185853
attn_1_3_outputs,Emb0.V29,-0.18310232,0.48699194,-0.040978063,-0.5434156,-0.62983674,0.00074398366,0.09303165,-0.7410921,0.26485136
attn_1_3_outputs,Emb0.V30,-0.4965997,-0.287206,-0.322647,-0.46172488,-0.4529318,-0.23391955,0.1820776,-0.30380073,0.5755408
attn_1_3_outputs,Emb0.V31,-0.02196662,-0.1199723,-0.19626774,0.30446377,0.07266218,-0.7439493,-1.1095275,-0.14332066,-0.39697793
attn_1_4_outputs,Emb0.V00,0.68647957,-0.0020961303,0.71543473,-0.5084079,-0.84581196,-0.52927834,-0.8385991,-0.96570545,0.6615794
attn_1_4_outputs,Emb0.V01,0.23421487,0.4310191,-0.024410803,0.037911125,0.6564068,-0.96116304,0.62613493,0.31361827,0.35031548
attn_1_4_outputs,Emb0.V02,0.089850545,-0.2452856,0.014780699,-0.45832697,0.10812394,-0.8426542,-0.5801336,-0.14638373,0.2525537
attn_1_4_outputs,Emb0.V03,-0.17834207,-0.273047,0.41812438,0.15542795,1.2465607,0.051730175,-0.62636113,-0.470208,0.34003773
attn_1_4_outputs,Emb0.V04,0.57607543,-0.05177954,0.19396302,-0.34442806,0.29861224,-0.3455909,-0.8512786,0.765079,-0.023868319
attn_1_4_outputs,Emb0.V05,0.51916355,-0.6445513,0.69872004,0.95938146,-0.8942527,-0.69408387,-1.1035081,-0.9498436,-0.17539302
attn_1_4_outputs,Emb0.V06,-0.2552868,-0.7881773,-0.1625758,0.82716477,-1.7644536,-1.165111,0.6602677,0.70141286,-0.48542222
attn_1_4_outputs,Emb0.V07,-1.3139049,0.0017997947,0.9246675,-0.5279375,-1.5782026,0.024173653,0.6959408,-1.1421827,0.36361393
attn_1_4_outputs,Emb0.V08,-1.153933,0.07967984,-0.41397014,0.95026994,0.07451331,-0.06973355,-0.58262223,1.357376,0.3316297
attn_1_4_outputs,Emb0.V09,0.0547595,-0.38642538,0.018525258,0.20258784,-0.9252255,0.4500688,0.5380443,0.54257905,0.14459805
attn_1_4_outputs,Emb0.V10,-0.46897224,-0.27427378,-1.383068,-1.3889893,-0.92307854,0.8962719,-0.10093772,-0.94210726,1.1016663
attn_1_4_outputs,Emb0.V11,0.5767157,-0.71126944,-0.81128716,0.1613413,-0.095901884,-0.756563,-0.53558826,0.51581234,-0.34279194
attn_1_4_outputs,Emb0.V12,-0.21076894,-0.429366,-0.9482772,-0.056922514,0.13873182,-0.29650125,-0.2796606,-0.02476132,0.22609529
attn_1_4_outputs,Emb0.V13,-0.37528145,-0.4410113,0.2216893,-0.06014498,-0.44734088,-0.044311006,-0.5813269,0.7157841,0.13422416
attn_1_4_outputs,Emb0.V14,-0.051451106,-0.05854872,-0.64062077,-0.45966467,-0.35134083,-0.84087247,-1.0452611,-0.3986323,0.3537859
attn_1_4_outputs,Emb0.V15,-1.3341454,1.1425164,-1.120752,0.6662523,-1.9709072,-0.9582841,-0.3225922,0.08751001,1.0933937
attn_1_4_outputs,Emb0.V16,-0.63383514,-0.97931707,1.0592546,0.2325939,-0.9337842,-0.4227483,0.89447635,-0.579674,0.093551874
attn_1_4_outputs,Emb0.V17,-0.5552617,1.1097137,0.24279717,-0.8563224,-1.4219165,0.32244354,-1.108499,-0.43733686,-0.02986973
attn_1_4_outputs,Emb0.V18,-0.8591141,0.45607153,1.0542269,-1.8412203,0.31258702,0.67875665,0.8168598,-1.1169437,0.3260051
attn_1_4_outputs,Emb0.V19,0.4183291,0.05366153,-0.72907877,-0.22060747,-0.4172987,0.8097515,-0.5485604,-0.828991,0.34094167
attn_1_4_outputs,Emb0.V20,0.033569936,-0.14539479,-0.6994232,0.6209817,0.7321892,-0.25408605,-0.031907085,0.44537798,-0.5208756
attn_1_4_outputs,Emb0.V21,-0.20309956,-1.9116498,1.1013552,-0.14289126,0.46311954,-0.008040264,0.23587342,-0.26736668,-0.18569916
attn_1_4_outputs,Emb0.V22,0.13001691,0.06760654,-0.5246101,-0.6102834,-0.05095207,0.5791986,-0.59303004,-0.432362,0.59929866
attn_1_4_outputs,Emb0.V23,-0.426033,0.016467554,-0.06953916,0.40080035,-0.40185577,0.06969695,-0.42856982,1.1614804,0.27131975
attn_1_4_outputs,Emb0.V24,-2.216936,1.070598,-0.53704315,0.43608293,-1.3206184,0.54479384,-0.63979435,0.41607043,-0.8056313
attn_1_4_outputs,Emb0.V25,0.0969684,1.1025311,-0.09217542,-0.66690594,-2.5404336,0.037377886,0.20853972,-0.11866078,0.41555774
attn_1_4_outputs,Emb0.V26,-0.44274664,0.4987443,-0.032529004,-0.14455315,-0.5243345,0.09325548,-0.16826971,-2.3492506,0.053559948
attn_1_4_outputs,Emb0.V27,-0.9781868,-0.88574344,-1.4843216,0.16252099,-0.2401957,1.3675587,-0.45544264,0.021805728,0.13972989
attn_1_4_outputs,Emb0.V28,-0.49706906,-0.72104347,1.8704634,-0.19581972,-0.5051722,-0.4098057,-0.10358171,-0.13678278,-0.6205552
attn_1_4_outputs,Emb0.V29,0.13021329,-1.5163691,-0.20346369,-0.8301047,0.6409581,-0.18907611,0.62534493,-0.6919795,-0.5693229
attn_1_4_outputs,Emb0.V30,1.6049945,-2.6248915,0.4734702,-0.3627734,-0.11512596,-0.65326184,-0.24327753,-0.861235,-0.2627713
attn_1_4_outputs,Emb0.V31,-0.2440706,-0.8663169,-0.4694506,0.34108543,-0.53171515,-0.468716,0.011730575,0.9786539,-0.21820325
attn_1_5_outputs,Emb0.V00,0.08867147,-0.39254895,0.00304566,0.13786174,0.5259401,0.28495154,0.21057318,0.61166966,0.33715308
attn_1_5_outputs,Emb0.V01,-0.09016068,0.08735778,0.16343822,0.26718214,-0.036918342,-0.16353944,0.56459373,-0.2853688,-0.042249132
attn_1_5_outputs,Emb0.V02,-0.3794512,-0.7879609,-0.41656384,-0.16837446,-0.28666374,-0.49899787,-0.07485511,-0.5753434,-0.2946352
attn_1_5_outputs,Emb0.V03,-0.06613323,-0.1462578,-0.11674088,-0.6745969,-0.13500388,-0.49016058,0.28557563,-0.6968023,0.21517754
attn_1_5_outputs,Emb0.V04,1.3311046,-0.36036623,-0.0027506538,-0.85142916,0.5080653,-0.32046267,-0.08820558,-0.8521276,0.064887956
attn_1_5_outputs,Emb0.V05,0.15350163,-0.71159685,0.15932018,0.6734008,-0.879412,-0.26909855,-0.22383535,0.24904521,-0.13578165
attn_1_5_outputs,Emb0.V06,-0.8281311,-0.6322729,0.1787925,-0.42689985,-0.64269406,-0.84333175,0.53555936,0.4008726,-0.45477888
attn_1_5_outputs,Emb0.V07,-0.73296255,-0.52187663,1.3786764,-0.98777074,0.3529513,-1.0566493,1.3263693,-0.8449968,0.16509752
attn_1_5_outputs,Emb0.V08,-0.7040889,0.39475477,0.1056091,0.7565247,-1.1771592,0.45698312,-0.12877758,1.2117636,0.16149428
attn_1_5_outputs,Emb0.V09,-0.33663604,-0.39974797,0.35107377,-0.06862376,-1.458311,-0.9457022,0.7806777,1.1936628,-0.09383334
attn_1_5_outputs,Emb0.V10,-0.6288486,0.016546074,-0.5232586,-1.4103734,-0.48593172,-0.02898363,-0.2276093,-1.8969884,0.2514771
attn_1_5_outputs,Emb0.V11,-0.25221142,-0.98468024,-0.19751428,0.48034936,-0.40470135,-0.710862,-0.6768864,1.4731978,-0.24268325
attn_1_5_outputs,Emb0.V12,0.29516646,0.27880135,-1.2936105,0.14848521,0.61361414,-0.6890813,-1.653785,-0.6592896,0.48671302
attn_1_5_outputs,Emb0.V13,-1.0412204,-0.5956777,-0.5558355,0.45951143,-1.040827,-0.14322883,-1.134043,0.24106424,0.18990321
attn_1_5_outputs,Emb0.V14,-0.5320966,0.031472594,-0.76684594,0.29795438,-1.1048908,-0.8979965,-1.0687212,0.32588914,0.9641105
attn_1_5_outputs,Emb0.V15,-1.275815,0.5995071,-0.8912399,-0.93192816,-0.18352965,0.5484588,-0.22306578,-1.6280447,0.25223538
attn_1_5_outputs,Emb0.V16,-0.68342406,-0.06615954,1.0524173,-0.6648502,-0.7108557,-0.7378589,1.0717108,0.27748165,-0.032467492
attn_1_5_outputs,Emb0.V17,-0.5246668,0.46471298,-0.0725237,-0.349321,-1.090611,-0.019153297,0.28711218,-0.4023813,-0.10836805
attn_1_5_outputs,Emb0.V18,0.3271385,0.61615777,-0.1123421,-0.46873012,0.31619695,0.2988488,0.2947643,0.74541354,-0.44831145
attn_1_5_outputs,Emb0.V19,0.70865655,0.20960735,-1.2749345,-0.8331035,-0.3405785,0.42887577,-1.8925637,-1.1957511,0.085320376
attn_1_5_outputs,Emb0.V20,-0.15253264,0.3684162,-0.8008179,0.026997281,-0.3219763,0.11457578,-0.89267176,1.5818914,-0.017270569
attn_1_5_outputs,Emb0.V21,-0.8413952,0.0075345016,-0.1165885,-0.68309015,0.4084364,-1.3543867,0.42524126,-0.23245227,0.5213788
attn_1_5_outputs,Emb0.V22,-0.5599528,0.30582717,0.16030993,-0.43880746,-0.26416427,-0.037830573,0.2149968,-0.98530656,0.14253275
attn_1_5_outputs,Emb0.V23,-0.20532155,-0.5370366,-0.053758256,-0.024596995,-0.9306532,-0.9644331,-0.48464578,0.34673628,0.21202208
attn_1_5_outputs,Emb0.V24,-0.19119652,1.8444444,-1.1249887,-0.30350235,-0.37535977,1.1582692,-1.1163772,0.031374075,-0.35912883
attn_1_5_outputs,Emb0.V25,-1.46524,0.09300584,-0.08012561,-0.866417,-0.912709,-0.27138048,-0.04597427,-0.6839314,0.58332115
attn_1_5_outputs,Emb0.V26,-0.6513159,-0.2934653,0.06832506,-0.6498384,-1.1256182,-0.62870556,0.61244184,-0.42056435,0.55597794
attn_1_5_outputs,Emb0.V27,-0.2962643,-0.18425962,-0.65464747,-0.94644994,0.7163564,0.43421745,-0.45316476,-0.93446296,0.25757363
attn_1_5_outputs,Emb0.V28,-0.64536333,-0.642833,0.58443683,-0.11778528,0.068293884,-0.6315958,0.7518211,-0.23333344,0.10168741
attn_1_5_outputs,Emb0.V29,0.5368517,0.18180868,0.09362008,-0.5464838,0.31824327,-0.19646493,0.3522573,-0.4939123,0.072453514
attn_1_5_outputs,Emb0.V30,0.078783,-0.27484196,0.33326033,-0.314452,0.7886736,-0.6616583,0.8867303,0.9777547,0.4352752
attn_1_5_outputs,Emb0.V31,0.18175209,-0.5747765,-0.6650381,-0.5368315,-0.001281587,-2.022689,-0.8198014,0.43094134,-0.50119007
attn_1_6_outputs,Emb3.V00,0.020167604,-0.077552326,0.19947466,-0.093231715,-0.101607196,0.9199317,-0.25129154,-0.6669677,-0.47604164
attn_1_6_outputs,Emb3.V01,0.08782924,-0.42909727,0.17301251,0.11116822,-0.34539434,-0.025485631,0.5723428,-0.4429541,-0.14518434
attn_1_6_outputs,Emb3.V02,-0.47216347,-1.0959426,-0.4159698,-0.9424561,0.6994326,0.7340971,0.7294581,0.4710639,-0.3966178
attn_1_6_outputs,Emb3.V03,-0.51072997,0.4083053,-0.38622838,-0.3691095,1.6294519,0.4804953,-1.0813687,-0.29313603,0.33058873
attn_1_6_outputs,Emb3.V04,1.3913271,-0.6938177,0.18130183,-0.48204395,1.319887,-1.3460618,-0.41228998,-0.03285996,0.3205626
attn_1_6_outputs,Emb3.V05,-0.63339317,0.21431807,1.325407,0.69077504,-1.9039593,-1.9290953,-0.28606486,0.9265703,-0.14759016
attn_1_6_outputs,Emb3.V06,0.0031172845,-0.75094754,1.1622684,0.29766196,-3.00086,-1.670107,0.9773649,-1.9492034,0.6740115
attn_1_6_outputs,Emb3.V07,-0.5623355,-0.21195704,0.6549633,0.33922017,-0.20402785,0.31285653,-0.37344113,-0.4236728,-0.10013444
attn_1_6_outputs,Emb3.V08,-1.089944,0.100847304,-0.58297145,1.1575238,-3.2426124,-1.1898477,-0.5568599,1.2603654,0.37773824
attn_1_6_outputs,Emb3.V09,0.42925355,0.035977166,1.1425104,0.14466807,-1.8538611,-1.7435796,-0.41908178,-1.3408958,-0.21174793
attn_1_6_outputs,Emb3.V10,0.30512965,1.1057497,0.06324231,-1.5302991,0.016395539,-0.58727795,-0.33825037,-2.261505,0.3895875
attn_1_6_outputs,Emb3.V11,-0.7610696,0.60979605,-0.035748363,0.11770937,-1.3610116,0.09684763,-1.6059458,0.6559169,0.27249107
attn_1_6_outputs,Emb3.V12,0.32981482,-0.39015517,-0.9907668,-0.12249735,-0.16728808,-1.830312,-1.7772454,-0.98695785,0.68128353
attn_1_6_outputs,Emb3.V13,0.37919924,-0.40708628,-0.4288459,-0.46973383,-1.4511688,0.9388714,-0.2984721,-0.71042365,0.66937727
attn_1_6_outputs,Emb3.V14,-0.95835954,-0.18504313,-0.5091019,0.5200437,-1.3865583,-0.8080631,-0.8501166,1.7972387,0.485066
attn_1_6_outputs,Emb3.V15,-0.020458769,0.3332041,0.63321847,0.34486255,-0.4779355,0.5110122,-0.3596356,-2.081587,0.09718036
attn_1_6_outputs,Emb3.V16,-2.1015124,-1.6751719,0.18402788,-0.5502322,-1.6572808,0.0786928,2.3731422,0.025571108,0.050636522
attn_1_6_outputs,Emb3.V17,-1.0319432,0.7367373,-0.11769139,-1.7190857,-0.7056689,0.8621759,-0.6483373,-2.61798,-0.49323687
attn_1_6_outputs,Emb3.V18,-0.35278994,-0.9404602,1.0727928,-0.6607896,-0.8551398,-0.32356113,1.0621461,-1.5998303,0.08120561
attn_1_6_outputs,Emb3.V19,0.069098674,0.35192555,0.036587168,-1.3608644,-0.55294174,0.24251308,-0.5502516,-1.4534674,0.4997765
attn_1_6_outputs,Emb3.V20,0.50940245,-0.58437675,-0.8106192,0.8154897,-0.58579814,-0.6869896,-2.3475883,0.13525249,0.5113906
attn_1_6_outputs,Emb3.V21,-0.5155427,0.14841354,0.7322093,-0.16372623,-0.98405886,-0.27434176,0.40002334,-0.895998,0.3912022
attn_1_6_outputs,Emb3.V22,-0.30616307,0.02687581,0.27491704,-1.329488,-0.8440727,-0.35914975,-0.1411055,-3.1241095,0.33299398
attn_1_6_outputs,Emb3.V23,-0.7868264,0.6463446,-0.031208843,0.31424633,-1.6588162,0.17978635,0.3112757,-0.8968954,-0.09058421
attn_1_6_outputs,Emb3.V24,-0.48035192,0.18208109,-0.39441633,-0.4342112,0.0707387,0.81651545,-0.74269944,0.6172855,-0.124271184
attn_1_6_outputs,Emb3.V25,-1.0682262,0.27526227,-0.4542428,-0.7708625,0.4163955,-0.3703532,0.048858315,-0.7502309,0.18652233
attn_1_6_outputs,Emb3.V26,-0.06540361,0.30958864,0.19191869,-0.2700499,-0.5198298,-0.8681954,-0.09514821,-0.2604029,0.25517017
attn_1_6_outputs,Emb3.V27,-0.31866518,-0.47763664,-0.34645674,-0.4033409,0.489733,0.04134738,-1.7743156,-1.996596,0.63552684
attn_1_6_outputs,Emb3.V28,-0.6808516,-1.1517745,0.20136335,-0.6833884,-2.0260127,-1.2511714,1.0155877,0.03840633,0.40494722
attn_1_6_outputs,Emb3.V29,-0.5581489,-1.2672522,-0.06594606,-1.1020403,0.4229961,1.2388313,0.7153787,0.20441407,-1.3284056
attn_1_6_outputs,Emb3.V30,0.8033574,-0.07554281,0.10261693,0.6909199,0.12787507,-0.84942186,-0.14476052,0.5462508,-0.44528595
attn_1_6_outputs,Emb3.V31,0.63373774,0.04495201,0.17618935,-0.6780728,0.7216202,-1.0289286,0.48903412,0.56907487,-0.3425321
attn_1_7_outputs,Emb1.V00,-0.7339902,-0.2797066,-0.18717492,-0.8448659,-0.78911465,0.3931831,0.35916287,-0.06180004,-0.088948645
attn_1_7_outputs,Emb1.V01,-0.27199614,-0.40905747,-0.1648764,0.5932598,-0.12383971,-0.71756184,-1.1726501,0.8558865,-0.29737845
attn_1_7_outputs,Emb1.V02,-0.5954902,0.03243645,0.2658535,0.26283416,-0.24428451,-0.72140586,0.3367255,0.36695448,-0.0056942245
attn_1_7_outputs,Emb1.V03,-0.31718326,0.13821584,-0.013976447,-0.28645882,0.33905274,0.5197954,-0.07297661,0.51328975,0.117617436
attn_1_7_outputs,Emb1.V04,0.30082086,-0.586218,0.038497414,0.22873491,0.1344685,-1.2411891,-1.323694,-0.078163624,0.2825275
attn_1_7_outputs,Emb1.V05,-0.09757063,-0.07209504,0.5769015,0.59125334,-0.35315317,0.27000615,0.21456784,1.1012982,0.25821579
attn_1_7_outputs,Emb1.V06,-0.4346019,-0.18868944,-0.20112428,-0.37445685,-1.7723145,-0.20543584,-0.51271415,-0.6630964,0.24200405
attn_1_7_outputs,Emb1.V07,-0.8426514,-0.5177163,0.09211709,0.16823597,-1.6049743,-0.18289003,0.37221974,0.110252194,-0.16380097
attn_1_7_outputs,Emb1.V08,-0.7792551,-0.5718987,-0.47526506,-0.4828267,-0.5265392,-0.012448479,-0.24938184,0.21705255,-0.30814427
attn_1_7_outputs,Emb1.V09,0.028002687,-0.18038854,0.15489727,0.002770647,-0.49525496,-0.6570718,-0.14443314,-0.022592235,-0.057796337
attn_1_7_outputs,Emb1.V10,-0.5934258,0.09089968,-0.14506109,-0.35991392,-1.0624205,0.5961482,-0.74543685,-1.1480176,0.1037888
attn_1_7_outputs,Emb1.V11,-0.27850634,0.029851038,-0.3068745,0.45956928,-0.7592221,-0.17553626,-1.1357523,0.62579757,-0.041914713
attn_1_7_outputs,Emb1.V12,-0.30889374,-0.5068742,-0.37080362,0.5673373,-1.5994129,-0.69200695,-0.018078288,-0.20949064,0.19128112
attn_1_7_outputs,Emb1.V13,-0.1445702,-0.17462695,-0.44308788,0.37320334,0.29448137,-0.41139227,-0.1650054,0.35862377,0.020953352
attn_1_7_outputs,Emb1.V14,-0.113054395,-0.49030244,-0.31360334,-0.73531204,0.035533145,-0.23481227,-0.010355198,-0.99218744,-0.10384288
attn_1_7_outputs,Emb1.V15,-0.40466082,-0.5308428,0.18005589,-0.2601313,-0.6993472,-1.1264642,-0.035301056,0.28425425,0.0010685783
attn_1_7_outputs,Emb1.V16,-0.707801,-0.18416333,0.28125715,-0.49481136,-1.0658765,-0.14852335,0.47665173,-0.46847573,0.08848704
attn_1_7_outputs,Emb1.V17,0.17579718,0.7972323,-0.29036307,-0.8205816,-1.0370625,-0.2702465,0.46176314,-1.114639,0.009011582
attn_1_7_outputs,Emb1.V18,-0.8336081,-0.5422699,-0.2723524,-0.38911584,-0.39934567,-0.7915323,0.5278546,-0.10868521,0.04733235
attn_1_7_outputs,Emb1.V19,-0.18244526,-0.21614236,0.22545744,-0.13126127,0.02434907,0.5270352,-0.10148551,-1.3849778,0.6090425
attn_1_7_outputs,Emb1.V20,-0.48399714,0.24671617,-0.052758966,-0.33150995,0.27613327,-0.6584369,-0.34873602,0.45040944,0.019923098
attn_1_7_outputs,Emb1.V21,-0.17625612,-0.505653,0.09829819,-0.45592985,-0.32748765,-0.5291033,0.075548604,-0.38322374,0.4400952
attn_1_7_outputs,Emb1.V22,-0.47709554,0.42699125,0.45722616,-0.21816744,-1.3543574,-1.0273877,-0.09459705,-1.0525185,0.23659186
attn_1_7_outputs,Emb1.V23,-0.33758593,-0.17473215,0.68208563,0.08687044,-0.6493112,-0.70868313,-0.3864801,-0.13027894,-0.27059427
attn_1_7_outputs,Emb1.V24,-0.9666467,0.38874403,0.40756527,0.31972566,-0.63692725,0.6560517,-0.11634243,0.5904026,0.3092184
attn_1_7_outputs,Emb1.V25,-0.67432433,-0.091670096,-0.25924122,-0.2649037,-0.70233166,-0.41756833,-0.19471224,-0.49047738,-0.29586104
attn_1_7_outputs,Emb1.V26,-0.29136562,-0.20955412,-0.030340852,-0.2076175,-0.21581797,-0.9633022,0.16308169,-0.9216085,0.0086410595
attn_1_7_outputs,Emb1.V27,0.25618947,0.3856032,-0.39901963,-0.077445544,-0.5599826,-0.2922078,-1.2922618,-1.4937919,0.32236218
attn_1_7_outputs,Emb1.V28,-0.436178,-0.21489152,0.079517365,-0.14610147,-0.72540885,-0.3626695,0.18999663,-0.023764372,-0.06381952
attn_1_7_outputs,Emb1.V29,-0.06551464,-0.85622597,0.16203098,0.3127148,-0.46249986,-0.06707381,0.8678104,0.8249676,-0.8224225
attn_1_7_outputs,Emb1.V30,0.09282967,0.36643106,0.83153105,-0.5157579,0.60396045,-0.5986293,0.5996674,-0.08338466,0.19900794
attn_1_7_outputs,Emb1.V31,-0.47190964,-0.4306185,-0.015891401,-0.21508244,-0.3046829,-0.042801134,-0.6065001,1.1624247,-0.11424313
mlp_0_0_outputs,0,-0.12255112,0.16414167,-0.54733413,-0.91111356,-0.3850988,-0.10380857,0.090703964,-1.3088809,1.2765999
mlp_0_0_outputs,1,0.34884506,-0.0044028386,-0.1332449,-0.4438971,0.1061878,0.062564604,-0.19931908,-0.7257881,0.19783771
mlp_0_0_outputs,10,0.025237065,0.1709025,0.4070768,-0.2705491,0.123279765,0.13338451,-0.43335903,0.22075939,0.26254454
mlp_0_0_outputs,11,-0.09380564,-0.013429061,-0.16074462,0.078296125,-0.54268384,-0.59427774,0.40201423,0.38145074,0.3650661
mlp_0_0_outputs,12,-1.0000898,-0.5504349,-0.13174,-0.10748922,-0.015353755,0.05115999,0.07131093,-0.0950759,0.35702726
mlp_0_0_outputs,13,-0.255149,-0.46744746,0.05443251,-0.074292175,-0.593175,-0.35019,-0.030488295,0.26554394,0.9643383
mlp_0_0_outputs,14,-0.5126766,0.8111578,0.31908852,-0.99958044,0.15509042,0.043265983,0.006213763,0.43174502,0.06994008
mlp_0_0_outputs,15,-0.04113271,1.0172837,0.42484692,0.44288677,-0.55474603,-0.20265667,-0.3016176,0.5085791,-0.66897273
mlp_0_0_outputs,16,0.19641049,-0.60155976,-0.41544908,0.2707256,0.010933779,-0.30970776,-0.005702976,0.27198604,-0.21218747
mlp_0_0_outputs,17,-0.81092215,-0.4479443,-0.7849847,-0.013588884,-0.19912782,0.5423121,0.14156951,-0.09151521,0.20657371
mlp_0_0_outputs,18,-0.6053234,-0.25658494,-0.27909338,0.9496157,0.25088206,0.30931875,-0.07434675,0.7785338,-0.66373926
mlp_0_0_outputs,19,0.19468105,-0.25294742,-0.506639,-0.50156826,-0.04984445,-0.29471427,-0.22915599,-0.24656431,0.61959887
mlp_0_0_outputs,2,-0.22545771,0.0722855,-0.1532836,-0.16068257,-0.5088458,0.29123512,-0.3342286,0.32129622,0.19983016
mlp_0_0_outputs,20,-0.002236636,-0.3415684,1.0082608,0.70252544,-0.39851612,-0.6096402,-0.5882112,1.1576914,-0.53520256
mlp_0_0_outputs,21,-0.92892283,-0.08671866,0.026223235,-0.07752803,-0.022203986,0.38715115,-0.13874078,-0.11614581,0.41813368
mlp_0_0_outputs,22,0.21361074,0.29380915,0.106428765,-0.17564386,0.1291768,-0.069547646,0.10144474,-0.27450606,0.52384996
mlp_0_0_outputs,23,-0.44690326,0.37960336,-0.66134983,0.622462,0.48002908,0.3853334,-0.43980157,-0.5320704,-0.18623948
mlp_0_0_outputs,24,-1.018865,0.5689371,-0.23409429,-0.7316722,0.09228622,0.5706184,-0.119509585,-0.3525359,-0.033065457
mlp_0_0_outputs,25,0.120764665,-0.26562062,-0.3027163,-0.37517774,-0.5161056,0.09756617,-0.24960312,0.39355245,0.083694875
mlp_0_0_outputs,26,-1.0636822,0.09283021,-0.67332494,-0.5768363,-0.21465944,-0.094438136,0.27698553,-0.33223763,1.0246669
mlp_0_0_outputs,27,-0.34109676,-0.80945635,-0.6541273,-0.38165686,-0.9471277,-0.10095667,0.40275422,0.21260458,1.1564772
mlp_0_0_outputs,28,-0.6167868,-1.2823795,-0.36620638,-0.30042803,0.2521928,-0.014758467,-0.25126815,0.8697683,-0.25116354
mlp_0_0_outputs,29,0.107426986,0.22037856,-0.045995496,-0.09405614,-0.155269,-0.1535542,-0.14059278,-0.55431104,0.416805
mlp_0_0_outputs,3,0.091932625,-0.13137808,-0.61262554,-1.0078129,-0.26904902,-0.032514375,0.51032585,-0.10813166,-0.05781772
mlp_0_0_outputs,30,0.2351218,0.24462174,0.029871065,0.055392772,0.15149306,0.002072143,0.12673375,-0.60230315,0.7264181
mlp_0_0_outputs,31,0.06703631,0.20524211,0.30660927,-0.12984033,0.05112443,-0.38308594,0.28773758,0.6654209,0.23264664
mlp_0_0_outputs,4,0.13255718,0.68574363,0.043898594,0.22489154,0.48000026,-0.3436872,0.03825643,0.16177183,0.07598772
mlp_0_0_outputs,5,0.4566682,0.39273188,0.7503631,0.8499072,-0.51224756,-0.09889773,-0.054548327,0.08272444,-0.40252987
mlp_0_0_outputs,6,0.77171504,-0.4566962,0.45601824,0.20442724,-0.7525335,-0.8393511,-0.22800255,0.24913657,0.6061217
mlp_0_0_outputs,7,-0.5226735,-0.37184632,-0.1087869,-0.68552506,0.06604342,0.34302896,0.56532264,0.38899425,0.3757288
mlp_0_0_outputs,8,-0.7310959,-0.45708725,-0.63632846,0.33528033,0.18711026,-0.19206887,0.31917378,0.38154703,-0.12772195
mlp_0_0_outputs,9,-0.12420365,-1.2339972,-0.2617341,0.33067855,0.12971877,-1.5048779,-0.6064842,0.6594731,-0.108599
mlp_1_0_outputs,0,-0.24787466,0.14014548,-0.35075876,0.11992346,0.18574339,-0.012599622,-0.045562018,0.10519961,-0.05412606
mlp_1_0_outputs,1,0.1950393,0.71607196,0.2386095,-0.20978855,-0.36390376,0.30410153,-0.2951246,-0.19434708,0.28105414
mlp_1_0_outputs,10,-0.05213746,-0.4416812,0.2670099,0.18931442,-0.4806559,-0.25240546,0.0827724,-0.07943273,-0.01491225
mlp_1_0_outputs,11,0.270333,0.52194244,-0.51556873,-0.0013189428,0.24856241,0.059953827,-0.04175769,0.0036416613,-0.52221626
mlp_1_0_outputs,12,0.10137795,-0.12645932,-0.1730688,-0.40329808,-0.6002531,0.21721886,-0.3684302,-0.16253625,0.40040597
mlp_1_0_outputs,13,-0.2397844,-0.22743113,0.6850954,-0.42492992,-0.27269,-0.105388425,0.64141273,-0.026997086,-0.3113149
mlp_1_0_outputs,14,0.2689541,-0.16654724,0.3142715,-0.0673952,-0.4618818,0.14303988,-0.31570193,-0.051644836,0.7475929
mlp_1_0_outputs,15,-0.07562424,-0.3677922,0.27407104,-0.0180909,-0.4038816,-0.09464851,-0.023134181,-0.4705791,0.46113223
mlp_1_0_outputs,16,-0.023199053,0.8411458,-0.15429308,-0.041054998,0.33544627,0.71411926,-0.012466502,-0.71450734,0.059774317
mlp_1_0_outputs,17,-0.33938614,-0.094953835,-0.16394992,0.29604378,0.041209873,-0.571429,0.2791238,0.10414031,0.4085261
mlp_1_0_outputs,18,-0.56258863,0.05338038,-0.24561045,0.31351814,-0.06491197,-0.2549655,-0.16513681,0.031043677,0.052336343
mlp_1_0_outputs,19,-1.0227891,0.028761715,-1.2373878,1.1069891,-0.17511277,-0.3399043,-0.22685374,0.8840728,-0.4886033
mlp_1_0_outputs,2,-0.104197636,0.11908726,-0.104954414,-0.28003192,0.15171035,-0.5548341,0.028225103,-0.84635985,0.26298773
mlp_1_0_outputs,20,-0.37794846,1.0113802,-0.10110227,0.21861659,0.78840065,0.57018703,-0.284275,0.014211577,0.30600524
mlp_1_0_outputs,21,-0.20746425,-0.6941877,0.04545316,-0.36224005,0.7117263,0.19829893,-0.08050233,-0.2356817,-0.27558553
mlp_1_0_outputs,22,0.021998806,0.4208738,-0.2246431,0.033523627,1.0586784,0.25962904,0.016254311,-0.04025186,-0.37556347
mlp_1_0_outputs,23,0.13474134,0.054684695,0.053860735,-0.6520903,-0.06687442,0.036109634,-0.5091053,0.1810839,0.05915253
mlp_1_0_outputs,24,0.15668048,-0.2380704,-0.24459337,-0.05606516,0.060286816,-0.084916234,-0.038676135,-0.30708495,0.16434348
mlp_1_0_outputs,25,-0.076520585,0.13201725,-0.08346006,0.71993995,-0.304309,-0.69400233,-0.011497269,0.89435476,0.24669796
mlp_1_0_outputs,26,0.29500243,-0.25763398,-0.17210004,-0.22857201,-0.14043604,0.057958137,-0.3036496,0.3870717,0.5435249
mlp_1_0_outputs,27,-0.38048127,0.35279074,-0.20659399,-0.8006662,-0.053626,0.02828937,-0.16486235,-0.5435619,0.053021885
mlp_1_0_outputs,28,-0.29223135,-0.11449556,0.095859215,-0.38638043,-0.5233708,-0.0830203,-0.024780046,0.8598665,-0.06781801
mlp_1_0_outputs,29,-0.7023093,-0.17953804,-0.43339497,0.8081087,0.02634009,-0.26114842,-0.062431663,0.4254242,-0.15994148
mlp_1_0_outputs,3,-0.39866853,-0.13725972,-0.4532997,0.2308424,-0.035854563,0.128698,-0.41257986,0.45727268,0.46336305
mlp_1_0_outputs,30,0.1293777,0.65214765,-0.19527367,-1.3083313,0.35823986,0.58855236,-0.19955738,-0.18389,0.033724092
mlp_1_0_outputs,31,-0.2581973,-0.35888565,-0.7495001,0.4315382,-0.44977337,-0.06365704,-0.5679779,0.95183444,-0.0997379
mlp_1_0_outputs,4,-0.3236924,-0.0237446,-0.21092178,-0.07934578,-0.09391298,-0.67492265,0.11345177,-0.7306757,0.16494384
mlp_1_0_outputs,5,0.102977164,-0.8946536,0.49413076,-0.45992902,-0.40634796,-0.48685643,-0.35071316,-0.2055934,-0.3656222
mlp_1_0_outputs,6,0.021507408,-0.04085138,-0.4822552,0.39491925,0.11313306,-1.2241027,0.017882973,-0.14475614,0.16328187
mlp_1_0_outputs,7,-0.0222672,1.0140527,0.40600762,-0.91220856,0.00075192325,0.33621553,-0.11471395,-0.7544434,0.27162445
mlp_1_0_outputs,8,0.23211204,0.39939904,-0.17615849,0.27593306,-0.15283261,0.70194453,0.29417324,0.12117286,0.38489988
mlp_1_0_outputs,9,0.69828266,-0.6538973,-0.30828267,-0.553565,-0.21551085,-0.09809779,0.04877177,-0.1083253,0.7973934
ones,_,0.33249435,0.143304,0.13458486,-0.5528438,0.007489065,0.018764121,-0.29338053,-0.12778933,0.110312656
positions,0,-0.03493474,-0.2061563,0.23668137,0.11118161,-0.23488027,0.516232,0.3378283,0.5758759,-0.42464772
positions,1,1.3157043,0.49944508,1.4476465,1.0213553,-9.761395,-10.875772,-13.263129,-12.106563,0.045175046
positions,10,-0.33642066,-0.8140617,-0.61632115,-0.590286,0.46730268,0.67335045,0.10875032,0.061540823,-0.3389299
positions,11,-0.46951616,-0.06312972,-1.0421184,-0.2583692,0.612577,0.33645016,0.41415906,0.12003278,0.26535454
positions,12,0.010450466,-0.3351974,-0.9504481,-0.47042474,1.0370342,0.091449305,0.28982338,-0.5250486,-0.1725986
positions,13,-0.5080996,-0.13508761,-1.0724524,-0.5739596,0.13264109,0.79030246,0.43230337,0.014876389,-0.3320699
positions,14,-0.8500665,-0.29886258,-0.68111676,-0.5148382,1.6530546,1.082752,0.30606133,-0.36446452,0.2135966
positions,15,-1.1992508,-0.63067925,-0.90977174,-0.80495834,0.7344657,1.2942626,0.57816094,0.13442336,0.0716047
positions,16,-0.046478175,0.092430554,-1.2506208,-0.6778556,-1.3918735,0.5745736,-0.84876126,0.4737276,-0.010081492
positions,17,-0.49587396,0.028132252,-0.556343,-1.2162521,0.35888848,1.148651,-0.31682658,0.50724685,-0.66351527
positions,18,-0.15632623,-0.6020387,-0.7794304,-0.6808794,0.6446752,0.9989574,0.5572596,0.6839669,-0.6297184
positions,19,-0.02220684,-1.4682885,-0.7174012,-0.3067443,1.8506057,0.46560737,0.18247013,0.40605414,-0.047954272
positions,2,-0.62050813,-0.23964673,-1.5553801,-0.8988678,0.44612062,-0.11679452,0.6763767,0.8034656,0.2699201
positions,20,-1.1600403,-0.10422817,-0.6729234,-0.4041307,0.5185269,0.9216216,-0.55428696,0.106016204,-0.6259007
positions,21,-0.20197411,-0.6085549,-1.3994281,-0.67445153,-0.96811587,0.5685754,-0.45150727,0.9544426,-0.25513148
positions,22,-0.85174894,-0.7012774,-1.288745,-0.8329823,1.4505017,2.3458874,-0.41885507,0.4486194,-0.11709751
positions,23,0.7228354,0.018348586,-1.4780717,-0.6521041,-0.6694891,-0.44187212,-0.48396212,0.56668,-0.27320722
positions,24,0.14329581,0.20263141,-1.1685255,-0.49019507,-0.4108174,0.75675666,-0.7238954,0.5179698,-0.3427462
positions,25,0.057575963,-0.4864822,-0.7267751,-0.7372413,0.85489804,0.41829407,-1.0172265,0.7834294,-0.5534578
positions,26,-0.22117649,-0.8270768,-0.28811613,0.23294269,1.4850037,-0.13419071,-0.78657806,1.2747488,-1.0331249
positions,27,-0.5237175,-1.5511757,-0.5890333,-0.31318778,1.1743858,0.041349705,-0.4725469,1.7655721,-1.2667844
positions,28,-0.76007843,-1.7573806,-1.5340847,-0.07323747,1.7787815,-0.0741925,0.30585843,2.046701,-0.44190666
positions,29,0.7571737,-4.464484,-4.367368,-2.1618721,-0.78851974,2.233598,-0.2371303,3.876265,-1.4382416
positions,3,0.4064375,0.5176938,-0.7609965,-0.00267247,0.59705925,0.64586705,0.34671587,0.11692217,0.062378548
positions,30,-1.7041227,-2.0083199,-2.3604796,-1.4492365,-2.9164314,-1.304015,-3.3269496,-0.78675115,2.976907
positions,31,0.14861122,0.13873675,-0.29567635,-0.47280228,0.13685031,-0.03401525,-0.2969025,-0.26989734,0.32493553
positions,4,-0.3891353,-0.112381086,-0.62134236,-0.48781976,0.1481845,0.5315139,0.5923181,-0.16752931,0.2952028
positions,5,-0.53651214,-0.42639855,-0.7340271,-0.34581873,0.59480065,-0.7300342,0.54809624,-0.5880502,-0.10064167
positions,6,-0.44937232,-0.39938018,-0.8258487,-0.5539544,0.16342841,-0.49367833,0.35367572,0.012924158,-0.028484626
positions,7,-0.71557075,0.19931161,-0.7536017,-0.5020785,0.1667302,0.021692455,0.36389127,0.5758824,-0.27147555
positions,8,-0.73305184,0.13999657,-1.1589186,-0.96921855,0.19804716,1.6972387,-0.009125664,-0.035616275,-0.14065564
positions,9,-0.53692895,-0.96997875,-0.93708366,-0.030124763,0.030929735,1.5537,0.011302325,0.4819127,0.22015476
var0_embeddings,Emb0.V00,-1.3083326,-1.966096,-1.0982046,-1.2954262,-0.57058483,1.6268169,0.6161082,-2.142184,0.91679996
var0_embeddings,Emb0.V01,-0.1820292,-0.20860775,0.815934,-0.30192196,0.4653743,0.24850336,-0.37029302,0.6534385,-0.8596896
var0_embeddings,Emb0.V02,-0.93862945,-2.2377229,-2.0235813,-2.0202749,-1.4496963,-0.17094688,0.12502943,-2.2790973,1.1922
var0_embeddings,Emb0.V03,-1.8997535,-1.4850223,-0.98018295,-1.2700284,-0.5356738,-1.0436096,-0.62430763,-2.1352396,1.371921
var0_embeddings,Emb0.V04,-1.607044,-1.9211851,-0.99903333,-1.5139877,-2.5999923,-3.0489478,-2.977749,-2.546202,1.7119489
var0_embeddings,Emb0.V05,-1.8112384,-1.9873422,-1.1199001,-1.3683223,-0.91973263,-1.1930023,1.215883,-0.3250918,0.8459838
var0_embeddings,Emb0.V06,-2.0056818,0.2914185,-1.5775726,-1.7178408,-0.97061914,-0.25670382,-0.5944888,-2.894988,1.1701555
var0_embeddings,Emb0.V07,-2.1886024,1.1802759,-0.5085665,-2.4701476,-1.9865575,0.9415997,2.257878,-2.3211372,0.17801039
var0_embeddings,Emb0.V08,0.44921467,0.108210236,0.4714864,1.5618777,-1.0681002,-2.5700524,-1.7377181,0.9487131,-0.5912787
var0_embeddings,Emb0.V09,1.3722808,-2.7540617,-0.9646003,-1.8518842,-2.4037206,-0.7586205,-0.6983913,-0.4071771,0.34105116
var0_embeddings,Emb0.V10,-0.38884974,-0.7943666,-0.18953583,0.2345422,-1.0945072,0.06087384,-1.6540505,-0.9025966,1.350474
var0_embeddings,Emb0.V11,1.5484048,-0.9050257,-0.5949378,1.2770295,1.9436704,-0.123020105,-1.2053711,0.5228695,-1.8675044
var0_embeddings,Emb0.V12,1.9327073,-1.125581,0.1708236,0.056224886,-2.969161,-2.7415807,-2.2576733,1.5348235,0.90371543
var0_embeddings,Emb0.V13,-1.6433216,1.269718,-1.7846109,-0.51175904,-0.31439573,-0.55234164,0.6835533,-1.0313286,0.98328453
var0_embeddings,Emb0.V14,-2.0237572,-2.7323115,-0.8921606,2.5022783,0.29487333,-2.4526806,-1.1298738,-1.4729314,1.9413159
var0_embeddings,Emb0.V15,-1.2865278,0.6731733,-1.9155942,-1.2847614,-2.9303696,1.4181379,-0.3440942,-1.4663635,1.0470943
var0_embeddings,Emb0.V16,0.95761704,-2.3225,1.4835396,1.338188,-0.83590174,-0.47604126,1.6453882,0.60047597,-2.474933
var0_embeddings,Emb0.V17,1.4988439,1.6373165,1.2843198,0.38575903,-0.8032704,1.9111091,-0.5153169,-0.8475103,-1.3251135
var0_embeddings,Emb0.V18,2.1890507,1.6110848,1.5865257,-2.1108348,0.36434036,-1.1769859,2.043646,-1.1219441,-0.12921461
var0_embeddings,Emb0.V19,-0.5616083,1.3846498,-2.2551136,-0.55342245,1.3661826,1.6490741,-1.0374655,-2.4446402,0.34435204
var0_embeddings,Emb0.V20,0.6572246,1.0777642,-0.51854694,0.67246795,0.7257281,0.6374756,-0.63679,1.4483047,-1.0137668
var0_embeddings,Emb0.V21,1.2943004,-1.8883489,0.8070441,2.0008044,0.66909266,-0.19164136,1.8779384,1.0386444,-1.2929953
var0_embeddings,Emb0.V22,-1.875308,-2.090909,-0.7927664,-0.455828,0.9028846,0.41976318,0.38865733,-0.9927293,0.83612823
var0_embeddings,Emb0.V23,-1.8474216,-2.7532184,-1.9935447,2.7640326,-2.235899,-2.5490267,-0.99676293,0.5316429,1.2053841
var0_embeddings,Emb0.V24,-0.80067635,-0.6413281,-1.8378313,1.176586,-2.4231262,2.081843,0.32902682,2.1946535,-0.81658936
var0_embeddings,Emb0.V25,-1.5596015,2.408637,1.1973455,1.9448564,1.3716031,1.7754983,0.8737833,-0.17767984,-2.0198376
var0_embeddings,Emb0.V26,-1.007631,-0.97116333,0.8203351,-1.0078049,0.33848363,-0.44888124,-0.8125989,-1.2209013,1.549115
var0_embeddings,Emb0.V27,1.9285355,-1.5576832,1.5190318,1.9459264,-0.3577476,0.53134763,-0.80978537,0.80793375,-2.250796
var0_embeddings,Emb0.V28,1.3801624,0.85858357,0.37273604,1.5121511,-0.39739722,-1.1013765,1.7662488,-0.08336678,-0.77064365
var0_embeddings,Emb0.V29,1.1384263,0.4356832,0.84375226,-0.38746214,2.5021052,-0.822309,0.80424416,1.323781,-1.1985614
var0_embeddings,Emb0.V30,1.4866036,0.72299844,1.002809,-2.161273,2.6427882,-1.8510329,1.0401602,-0.037628148,-1.1714637
var0_embeddings,Emb0.V31,1.3868158,1.7990872,0.57333356,2.413351,0.84546477,-1.1240836,0.109414496,2.509017,-1.6316478
var1_embeddings,Emb1.V00,-0.697566,1.8930563,2.3519049,-1.6823521,-1.7832911,1.5317975,1.3491501,-2.5736258,-0.6587634
var1_embeddings,Emb1.V01,-2.526112,2.6089773,-2.0189686,0.06626429,-3.4285858,-2.5820956,-2.8604348,2.6272707,1.33383
var1_embeddings,Emb1.V02,-1.6193684,-1.4539987,2.1977851,1.397968,1.5186179,-3.073095,1.8550376,1.58016,-0.5346915
var1_embeddings,Emb1.V03,2.5063503,0.23927984,1.3589336,-1.1495752,1.9248952,1.132215,0.86916584,-1.8593336,-1.1466475
var1_embeddings,Emb1.V04,1.2707703,-3.2612464,-0.9455961,3.3928554,-2.8128817,-2.838942,-1.0789794,3.1980205,-0.16616501
var1_embeddings,Emb1.V05,-1.9985689,-1.3822819,-2.2601745,-1.146721,-2.1595824,-0.10596471,-1.2574564,-4.7565565,2.8400614
var1_embeddings,Emb1.V06,-0.7076516,-3.6744463,1.6330788,-1.2193118,-2.3684413,-2.404672,-1.5726545,-0.62393504,1.5739464
var1_embeddings,Emb1.V07,1.9991837,1.4155602,1.7673203,-0.8595117,-1.5255628,-0.2749819,2.0340142,-2.197285,-0.782787
var1_embeddings,Emb1.V08,1.5424732,1.5655065,0.2930629,-1.5226713,0.98005074,-0.44913468,0.87745833,0.9456485,-1.1730492
var1_embeddings,Emb1.V09,-0.7990413,-0.29155597,-0.79741144,0.1703899,0.16348751,-0.43971473,-0.7124644,-1.1595018,1.0246657
var1_embeddings,Emb1.V10,2.3293836,-0.0646411,-0.07004201,1.9730195,-1.2429593,1.0018586,-1.4457887,-0.17105652,-0.37535325
var1_embeddings,Emb1.V11,-1.3633125,3.2352767,-1.3239745,-1.4138175,1.2549735,2.6482198,0.3714026,0.87356806,-1.8335558
var1_embeddings,Emb1.V12,1.2778467,1.8773483,-0.62296355,1.3785325,-1.2982107,-0.87404096,0.5998357,1.0537401,-1.316959
var1_embeddings,Emb1.V13,-2.4049578,2.129896,3.2783656,-2.4216554,1.1404085,-0.19245893,-0.9805405,0.8457572,-1.546672
var1_embeddings,Emb1.V14,2.5718086,-1.9085675,1.6719525,-2.3106003,2.7128572,1.0901345,1.4814495,-3.1516242,-0.95584106
var1_embeddings,Emb1.V15,-0.35917026,-0.6456543,0.6654969,2.5007634,1.8702639,-2.1673965,1.9250857,-0.31227577,-1.574181
var1_embeddings,Emb1.V16,-1.9148772,-0.5320157,-2.505824,-0.9168305,-2.4240623,-1.7484609,-0.25041524,-2.1839304,2.0085893
var1_embeddings,Emb1.V17,-3.017238,-0.10706958,-1.8583759,-0.9845713,-2.027474,0.9584786,-2.1933298,0.010566868,1.0554149
var1_embeddings,Emb1.V18,1.1053532,-2.5533185,2.2651284,-0.3001548,0.2761684,-1.0406188,1.8850912,-0.63271356,-0.9510979
var1_embeddings,Emb1.V19,2.0772326,0.76819927,1.626847,-1.128752,-0.7987021,0.5899173,-1.8611708,-2.7652385,0.5332316
var1_embeddings,Emb1.V20,1.3130305,-2.7922423,-1.097335,-0.56301343,-2.7014956,-0.762495,0.47751716,0.070683286,0.8250718
var1_embeddings,Emb1.V21,-1.7620637,-1.3173646,-0.840287,-2.0985403,-2.506246,-1.8300124,0.019317767,-2.2277822,1.5743228
var1_embeddings,Emb1.V22,0.4378292,-2.821764,3.1012285,-1.2774976,-1.7538892,-2.5711234,-1.3527504,-1.548517,1.0800104
var1_embeddings,Emb1.V23,-0.7778207,-1.5014904,1.2541062,2.3874776,-1.3939271,-0.5790263,-0.36426404,3.4586616,-1.4258916
var1_embeddings,Emb1.V24,-0.16648628,0.8397957,-1.1738272,1.8262453,-3.1433115,2.7222872,0.3462606,0.8601545,-0.7991675
var1_embeddings,Emb1.V25,-1.2060187,-2.4722006,-0.9288462,-0.85927147,1.1126766,-0.9395179,-0.40027708,-1.6831149,1.1677712
var1_embeddings,Emb1.V26,-1.4216535,-1.7670889,-1.4221952,-0.93588686,-1.4007232,-1.7786894,-2.5477822,-0.8386468,1.4966062
var1_embeddings,Emb1.V27,-2.3430305,-2.439158,-0.70667195,-0.39778215,-0.86987305,-2.4350219,-0.45516688,-1.593115,2.6467137
var1_embeddings,Emb1.V28,-1.4890746,0.24971934,-1.4114271,2.7660081,-1.9777789,1.513252,-2.2891903,-2.0047567,1.6308837
var1_embeddings,Emb1.V29,-2.399349,-0.48767114,-1.7348173,2.2017066,-1.1487184,0.31337658,2.0339677,2.1789167,-1.206609
var1_embeddings,Emb1.V30,2.8384092,-2.8589668,-1.8148221,-2.171981,2.288334,-1.0129026,2.6680136,-0.01384837,-0.78462005
var1_embeddings,Emb1.V31,-1.6727426,-1.9215475,-2.4640574,0.17501567,-1.9522314,-2.3149471,-1.0078872,-0.105201736,1.7318611
var2_embeddings,Emb2.V00,2.9161494,3.757282,0.42599952,0.0747199,-0.16285038,-1.759562,1.3397194,-2.6378825,-1.7878696
var2_embeddings,Emb2.V01,0.066128284,-2.5180976,1.1739773,2.2634706,-2.665969,-2.535317,0.20130192,2.4938116,-1.6490546
var2_embeddings,Emb2.V02,-0.34369466,-1.9890045,2.5393772,1.3800209,-0.7605021,-0.79031336,-1.9559633,0.20236878,-1.9020287
var2_embeddings,Emb2.V03,-2.2002757,-1.7329671,1.6271536,-2.4265163,-3.169603,-2.5257962,1.0160512,-0.62605745,0.7614769
var2_embeddings,Emb2.V04,1.3375875,1.2317864,0.037875377,1.6501446,1.7224485,-1.3963795,-0.022712758,-0.48686153,-1.313992
var2_embeddings,Emb2.V05,1.9988267,-0.03259004,1.8330417,-1.530302,-1.6753334,-0.24227463,2.120094,-1.0839245,-1.8070254
var2_embeddings,Emb2.V06,-0.93661976,-1.2593284,-0.022936404,-2.0992951,-0.54952925,0.61783814,-1.2130927,-1.8526039,1.4969413
var2_embeddings,Emb2.V07,-1.615231,-2.3788216,-0.9447811,-2.0277734,-2.0424602,0.7784111,-1.7751683,-0.20220862,1.8090293
var2_embeddings,Emb2.V08,2.582659,1.8972545,0.37125292,-1.6839118,0.82198554,1.142948,-1.3338135,1.175435,-1.8289039
var2_embeddings,Emb2.V09,-1.2845011,-0.51773787,-1.041942,-0.4846582,-2.3877623,-1.0457635,-1.7970108,0.18814547,1.2253926
var2_embeddings,Emb2.V10,1.2770718,0.25369436,-1.0164417,-2.0175645,-1.5477444,1.9352925,-1.5328707,-0.5393578,-0.37026054
var2_embeddings,Emb2.V11,0.75483,0.716691,0.2896445,0.15641195,-1.2136307,-0.07531696,-0.34896123,0.95188093,-0.46293175
var2_embeddings,Emb2.V12,1.6748025,-0.5563068,-0.34616867,-2.3243954,2.1308165,-1.1609391,-1.4092164,-2.0059147,0.94911087
var2_embeddings,Emb2.V13,-1.6760523,-1.5025377,-1.036125,-1.798334,-3.1201296,-0.99705386,0.07212828,-2.6808434,1.9275635
var2_embeddings,Emb2.V14,-1.6916592,1.5146604,-1.1447397,-1.5607841,-3.1151648,-2.7148411,-1.0588251,-1.9119484,2.2674658
var2_embeddings,Emb2.V15,1.6647414,-1.067282,0.805846,-1.2678066,1.2043564,2.6601763,1.3245811,-0.80278176,-0.8805785
var2_embeddings,Emb2.V16,-1.562238,-0.6924048,1.9405085,0.84570754,-1.8460199,0.30848858,-1.4263757,-1.9252037,0.0069224606
var2_embeddings,Emb2.V17,-2.4932775,1.951617,-1.796492,-0.9719471,-2.5818503,1.5344743,-2.8670707,-1.5710902,1.2918189
var2_embeddings,Emb2.V18,-0.48573717,-0.82877517,-1.5188426,-1.222119,-2.4225767,-2.3527405,-2.7447116,-2.0990295,2.0096345
var2_embeddings,Emb2.V19,-0.8527516,-1.8319348,-2.174271,-1.8725524,0.50036776,1.3363745,-0.49023494,-2.9512188,1.2656426
var2_embeddings,Emb2.V20,0.5591271,0.33058655,-1.4375982,0.6818505,1.13891,0.12700102,-0.39031106,1.4589785,-1.2474874
var2_embeddings,Emb2.V21,-0.4923489,-1.4951572,1.5083677,-1.5831598,-1.6696339,-1.1619055,0.9954376,-2.7714117,1.3251544
var2_embeddings,Emb2.V22,0.4843344,0.2482178,1.1786277,0.73049664,2.341167,-0.8482872,1.2759682,1.0511509,-1.3086492
var2_embeddings,Emb2.V23,0.96455956,0.84780085,0.18862636,0.27446723,-0.9804061,0.07231945,-0.35101905,0.66685694,-0.34658128
var2_embeddings,Emb2.V24,-1.423708,1.8456069,-1.0207925,2.1645079,-0.9072569,-0.255934,-2.1083379,1.2473726,-1.6062428
var2_embeddings,Emb2.V25,-2.165254,-3.373439,-0.8451044,2.3607285,-1.1123289,-0.24303125,1.4542928,2.0903172,-0.93049765
var2_embeddings,Emb2.V26,-2.0952687,-2.0852542,-0.31944963,-2.3831227,-0.36056238,0.35056213,1.6598243,-2.1387045,1.5585382
var2_embeddings,Emb2.V27,-2.5075555,-2.0851507,-1.8627905,2.7027557,1.0630627,-3.0567565,-1.5937036,1.5065614,0.8013909
var2_embeddings,Emb2.V28,-0.69206,1.174537,-1.2148314,1.6837735,1.7485933,-1.3877853,1.4748425,0.4959623,-1.8941563
var2_embeddings,Emb2.V29,-0.12023456,-1.5715941,2.1715887,-0.14576674,2.8242352,0.6031496,2.48984,-2.4816995,-0.82389927
var2_embeddings,Emb2.V30,0.466186,-1.2275189,-1.113945,-1.670375,-3.0175107,-1.841547,0.82773274,-1.3660004,1.477341
var2_embeddings,Emb2.V31,-0.13859762,1.6170008,0.6846531,-0.6314844,0.099512696,1.4552648,-0.2267761,0.73005617,-1.3307841
var3_embeddings,Emb3.V00,-1.7258097,2.6486561,0.26053807,-0.9603148,-2.275258,-0.26219502,-1.2424355,-0.9439404,0.7968516
var3_embeddings,Emb3.V01,0.02724442,-0.6177027,0.09791613,0.7056527,0.47572288,-0.12719673,1.3608053,-0.38671485,0.11052437
var3_embeddings,Emb3.V02,-0.336646,0.5158457,2.311853,-0.20293997,0.65240115,0.90773416,1.484756,-0.6615158,-1.8780276
var3_embeddings,Emb3.V03,-1.4475616,-2.518418,-0.42208853,-0.6021597,0.56697476,-1.8841487,-0.91016304,0.13267706,1.2959386
var3_embeddings,Emb3.V04,-1.1211219,-2.489022,-1.2964854,-1.2211899,2.078303,-1.5538386,0.7777007,-0.0359783,1.4551679
var3_embeddings,Emb3.V05,0.5804677,-2.7223403,2.6964939,-1.3755579,-2.1446867,-2.7950082,-1.6071131,0.8691761,0.2861878
var3_embeddings,Emb3.V06,1.5127869,-1.3799849,2.2669172,0.77460337,0.12065857,-1.6834893,0.5665567,1.7467388,-1.9045832
var3_embeddings,Emb3.V07,-1.410992,-2.0312471,-1.7415147,-1.002403,0.9060173,0.18030024,-0.2684633,-3.1425729,1.5535593
var3_embeddings,Emb3.V08,-1.7380825,-2.4983418,-2.0063725,1.3573802,-1.4976572,-2.7994976,-1.6672447,2.6896176,1.3780842
var3_embeddings,Emb3.V09,2.5648353,-3.0529034,0.38495797,0.8313667,0.5989955,-2.209184,1.3512778,0.55000496,-2.1456726
var3_embeddings,Emb3.V10,0.91559774,1.1831241,-2.6226168,-1.1823865,-2.954609,2.0949035,0.8265937,-1.8690897,0.42678505
var3_embeddings,Emb3.V11,-1.8310351,-2.3100445,-1.0688798,1.5756776,-2.2822087,-2.5191088,-2.2874238,-0.89755785,2.0468442
var3_embeddings,Emb3.V12,3.126692,-2.9071338,-1.1679288,-2.1277845,-1.9565998,-2.8017757,-2.3417547,0.2676754,0.8231665
var3_embeddings,Emb3.V13,0.15447168,1.4225178,-1.8665783,-0.8590149,2.7958925,-0.053379178,1.3941827,-1.2624234,-0.15292032
var3_embeddings,Emb3.V14,-1.6105838,-2.9161804,-1.4934279,-1.3226913,-2.738988,1.4572107,-0.78590655,-1.3548585,1.675349
var3_embeddings,Emb3.V15,0.53427243,1.7956334,1.0325809,-1.0721341,0.78273964,1.936174,0.04497137,-0.2928392,-1.7356526
var3_embeddings,Emb3.V16,-0.46507064,-0.70678544,1.5725051,1.681921,-0.949025,0.6687288,1.7506526,-1.1210239,-1.5938882
var3_embeddings,Emb3.V17,-2.1254766,0.9628388,-0.84214383,-2.0943496,-1.5704976,2.0087607,-0.476749,-0.935834,0.8140429
var3_embeddings,Emb3.V18,1.5120146,1.0220968,1.880839,-1.651237,0.5764831,-0.7401002,-0.5622054,-1.5168831,-0.208489
var3_embeddings,Emb3.V19,-1.3195986,-2.5977352,-0.5250788,-0.9981452,-1.3359362,-2.6968932,0.78793067,-1.340214,1.7296119
var3_embeddings,Emb3.V20,1.132648,0.98569596,-0.9181253,2.8507524,-0.83905214,-0.9268651,-1.9942265,1.9193574,-1.4009943
var3_embeddings,Emb3.V21,-1.2199843,-3.3525531,-1.2248563,-2.192867,-0.18741554,0.109078415,-2.2821128,-1.9530888,1.6372747
var3_embeddings,Emb3.V22,-1.1385224,-2.067845,0.26403528,0.9247617,-0.3649795,-0.33756515,1.0508815,-0.4824978,0.78288513
var3_embeddings,Emb3.V23,2.0180535,0.7852562,1.4685034,1.8655857,-2.598632,-0.6038112,-2.3763015,0.73481834,-1.101256
var3_embeddings,Emb3.V24,-2.906255,0.1888446,-2.1021464,1.2706889,1.0304837,2.8449922,0.67805535,1.4303899,-1.5658782
var3_embeddings,Emb3.V25,-2.1753733,-2.1609364,-1.4590878,-1.5188744,-0.6943895,0.71385795,1.2311577,-0.6168702,1.015592
var3_embeddings,Emb3.V26,-1.6020191,-1.0043292,-1.2182158,-1.5829295,-0.69661933,0.7853438,-1.5601503,-2.887083,1.586556
var3_embeddings,Emb3.V27,1.0172024,1.7477314,-0.66952413,2.0991075,-0.70238775,1.0932178,-1.8905662,1.7585032,-1.9261478
var3_embeddings,Emb3.V28,-0.91816235,0.8647008,1.7258413,2.3920794,-2.2233887,-1.312649,0.4722316,1.8749695,-1.4963397
var3_embeddings,Emb3.V29,-0.33570722,2.2491615,0.6321417,1.2160879,-0.9528322,1.1757348,0.076731645,1.7084575,-1.8668834
var3_embeddings,Emb3.V30,-1.6265606,0.21884656,-0.8307536,-1.2296144,-1.6751559,0.190161,-1.7730325,-2.8639317,1.4126421
var3_embeddings,Emb3.V31,1.4189149,-0.8361315,0.9081868,2.552013,0.5546638,-0.9800675,0.12582743,0.89688534,-1.3158764
