feature,value,ABBR,DESC,ENTY,HUM,LOC,NUM
attn_0_0_outputs,Emb0.V00,-0.7885515,2.0978458,-0.67939234,0.6070723,-0.3779535,-0.33299315
attn_0_0_outputs,Emb0.V01,-0.78809506,0.15882231,1.1847725,0.38474703,0.29313645,-0.9347872
attn_0_0_outputs,Emb0.V02,0.32609603,-0.11105677,0.4968597,0.72557014,-0.23499618,-0.2902613
attn_0_0_outputs,Emb0.V03,-0.45523638,0.5345958,0.38035542,0.22931363,-0.32818693,-0.37362003
attn_0_0_outputs,Emb0.V04,-0.9230664,-0.8268445,0.60904026,0.65196055,1.8300575,-0.17767346
attn_0_0_outputs,Emb0.V05,0.4898771,2.1146853,0.21732289,-0.04386857,-0.28714296,-0.5204624
attn_0_0_outputs,Emb0.V06,0.6188529,0.39370674,0.3138991,0.24810305,-0.6027277,0.26393136
attn_0_0_outputs,Emb0.V07,-0.07716684,4.3201427,-1.8837993,-1.2758019,-2.7776027,1.2214004
attn_0_0_outputs,Emb0.V08,2.1881638,-1.1033655,-0.51580554,1.0587133,-1.1220108,0.24338247
attn_0_0_outputs,Emb0.V09,-2.3694787,-0.61133784,-0.6471546,-0.82066256,4.107058,-0.85125923
attn_0_0_outputs,Emb0.V10,-1.6996497,-1.5664835,1.5786816,0.06158855,0.6475688,0.49619094
attn_0_0_outputs,Emb0.V11,0.04874796,-0.59328896,1.2380923,0.23260997,-0.19047609,1.0612048
attn_0_0_outputs,Emb0.V12,2.0849686,0.5050584,-0.6380432,-0.65537554,-0.9707369,0.028005544
attn_0_0_outputs,Emb0.V13,-1.3636093,-1.5036043,-0.5904619,-0.4076603,-0.7383623,2.3816516
attn_0_0_outputs,Emb0.V14,0.29409876,0.65481025,0.4888294,0.19054228,1.403997,-1.1641766
attn_0_0_outputs,Emb0.V15,-1.8612012,-1.0417835,1.7205147,0.1630358,1.1081053,-0.8945537
attn_0_0_outputs,Emb0.V16,-0.13395187,-2.466756,-1.1436758,1.310022,-0.64011633,0.7734408
attn_0_0_outputs,Emb0.V17,-1.6116393,-1.9247365,0.31898192,1.8144243,-0.47741497,-1.0871367
attn_0_0_outputs,Emb0.V18,-2.0172157,-0.09069809,-0.600688,0.7320181,0.09185704,0.43343785
attn_0_0_outputs,Emb0.V19,-2.0746741,-1.5965017,1.805159,1.1261908,1.2614697,-2.1184986
attn_0_0_outputs,Emb0.V20,-0.42238545,-0.76638407,-1.1462191,-0.7032864,-0.82515424,4.271107
attn_0_0_outputs,Emb0.V21,0.8345417,-2.3314388,0.05575765,3.396948,-1.7215972,-3.021091
attn_0_0_outputs,Emb0.V22,0.36875588,0.38108307,0.93183345,0.3278836,0.6249025,-0.37660292
attn_0_0_outputs,Emb0.V23,-0.90588903,0.4704652,0.30787128,0.17475711,1.6706351,-0.769239
attn_0_0_outputs,Emb0.V24,0.1379631,-1.3713644,0.14844614,0.32458624,-0.51977813,1.8757069
attn_0_1_outputs,Emb0.V00,-0.26753616,1.5219326,-0.7335372,0.22678253,-1.1302345,0.2758703
attn_0_1_outputs,Emb0.V01,-0.521407,0.29739836,1.457244,0.6926009,0.36308607,-0.6206006
attn_0_1_outputs,Emb0.V02,-0.20129685,-0.043999568,0.52270824,-0.47474596,0.76910084,-0.5596838
attn_0_1_outputs,Emb0.V03,-1.3162256,0.73825157,0.07337826,0.40864566,0.5481969,-0.89977103
attn_0_1_outputs,Emb0.V04,-0.4115107,0.09036538,-0.56065243,0.11477063,2.3573885,-0.5990329
attn_0_1_outputs,Emb0.V05,0.2357636,1.4490812,0.71219754,-0.824167,0.25731748,0.034289155
attn_0_1_outputs,Emb0.V06,1.0174409,0.95747644,-0.3201506,-0.2871388,-0.28908095,0.8432712
attn_0_1_outputs,Emb0.V07,-1.0881495,2.7228055,-0.08827022,-1.4520795,-1.635733,1.9064531
attn_0_1_outputs,Emb0.V08,1.7166398,-1.475904,-2.418608,2.6178753,-1.0886345,-0.3572401
attn_0_1_outputs,Emb0.V09,-2.799319,-1.0699966,-2.3769028,-0.806107,6.8906174,-1.1300664
attn_0_1_outputs,Emb0.V10,-0.8440339,-1.0644275,0.6526214,0.70243675,0.9128699,0.26190916
attn_0_1_outputs,Emb0.V11,0.5928127,-0.3829061,1.8254828,-0.040910725,-0.70738554,0.009956374
attn_0_1_outputs,Emb0.V12,3.2099037,1.856382,0.2957516,-0.029869374,-0.98963314,-0.23774797
attn_0_1_outputs,Emb0.V13,-0.7404,-0.68133503,-0.84823376,-0.6562561,-2.0263646,2.5307763
attn_0_1_outputs,Emb0.V14,-0.23588607,0.00592197,1.4724431,-0.5254069,0.39648968,-0.5996051
attn_0_1_outputs,Emb0.V15,-1.416328,-1.3865938,1.9338979,-0.9548317,0.18083715,-0.42270672
attn_0_1_outputs,Emb0.V16,-0.18416975,-2.3822434,0.12233849,1.8648574,0.18993904,-0.08906072
attn_0_1_outputs,Emb0.V17,-1.8861024,-1.284279,-0.8664994,2.6784437,-2.0114896,-1.3005159
attn_0_1_outputs,Emb0.V18,-1.0248955,-0.17048675,0.28756645,-0.062399752,0.5558326,-0.19421527
attn_0_1_outputs,Emb0.V19,-1.6738566,-1.4129412,2.0994618,0.5926436,0.5207529,-2.580965
attn_0_1_outputs,Emb0.V20,-1.2678794,-1.3599045,-0.5159252,-1.3387597,-0.5740582,4.6517954
attn_0_1_outputs,Emb0.V21,0.6867982,-2.6421738,-0.52260786,3.2982306,-1.2879033,-1.9442879
attn_0_1_outputs,Emb0.V22,-0.22114135,0.48615387,0.92826957,0.5738842,-0.096870504,-0.60029376
attn_0_1_outputs,Emb0.V23,-0.33128175,-0.08419464,0.9664615,-0.06425616,0.5984071,-1.225872
attn_0_1_outputs,Emb0.V24,0.97116375,-1.4922421,0.05728885,-0.7429416,-0.5474973,3.0249138
attn_0_2_outputs,Emb2.V00,0.5924152,1.8136088,-0.258793,0.061614215,-1.7615784,-0.3099116
attn_0_2_outputs,Emb2.V01,-0.61637414,0.91882896,1.3948973,-0.6188,-0.9486949,-0.9905816
attn_0_2_outputs,Emb2.V02,-1.2430679,-0.055446025,0.2704601,0.096947365,1.0308006,-0.067527145
attn_0_2_outputs,Emb2.V03,-0.73374957,1.5662923,-0.0141483005,0.3187682,-0.16146089,-0.14979091
attn_0_2_outputs,Emb2.V04,0.3480014,0.1248021,-0.9324132,-0.1893453,3.745838,-1.1392905
attn_0_2_outputs,Emb2.V05,0.35911047,1.6586143,-1.2224487,-0.79130566,-0.122659646,0.44198287
attn_0_2_outputs,Emb2.V06,-1.0957993,0.60636973,1.4061085,-1.389632,-0.011891272,-0.4788313
attn_0_2_outputs,Emb2.V07,0.16676968,1.6832225,-0.17902754,-1.0809195,0.9727394,0.65539163
attn_0_2_outputs,Emb2.V08,-1.4371431,-1.4536438,-1.5524721,2.2202337,-1.0614642,-0.46161032
attn_0_2_outputs,Emb2.V09,-0.75627685,1.8836979,-1.2453899,-0.64929324,1.4200577,-0.6404028
attn_0_2_outputs,Emb2.V10,-1.5325266,-0.9655375,0.13672426,-0.08054386,1.5231804,1.0327419
attn_0_2_outputs,Emb2.V11,-1.4191839,1.133493,-0.16186516,-0.46032134,-1.3164734,1.255099
attn_0_2_outputs,Emb2.V12,-0.45611197,-0.38647553,2.4370608,-0.73727167,-1.8336127,0.4869914
attn_0_2_outputs,Emb2.V13,2.2715263,-2.4742928,-0.8963837,1.0359006,-1.425776,2.424153
attn_0_2_outputs,Emb2.V14,0.7669991,-1.7278234,-0.57086444,2.1804428,-1.0519118,-0.5100104
attn_0_2_outputs,Emb2.V15,-0.7837475,-2.0251064,1.1224453,0.69119686,1.2818893,-0.643579
attn_0_2_outputs,Emb2.V16,0.3211181,-0.8244207,0.6649793,-0.23790601,-0.51255053,-0.20313525
attn_0_2_outputs,Emb2.V17,-2.9179742,-1.2472998,-0.4119315,1.7308053,-0.10665967,-1.881199
attn_0_2_outputs,Emb2.V18,0.7733801,-2.8553646,-0.16136135,0.5510956,-0.89385617,2.638913
attn_0_2_outputs,Emb2.V19,-1.2337332,-0.14943153,0.5463993,-0.47144547,3.1513553,-1.7062865
attn_0_2_outputs,Emb2.V20,-1.3985931,-2.13854,0.48374587,-0.40710515,0.835364,1.49447
attn_0_2_outputs,Emb2.V21,0.13967986,-0.53436035,-1.084416,0.68018246,-0.8784576,1.558652
attn_0_2_outputs,Emb2.V22,-1.1273422,0.4606445,0.6838065,0.42399487,0.62969315,-1.7667108
attn_0_2_outputs,Emb2.V23,-1.9853563,-0.49164444,-0.45458224,1.004351,0.70747054,-1.1970896
attn_0_2_outputs,Emb2.V24,1.7603711,0.5994516,-1.264103,-1.2424959,-1.4051977,4.2789364
attn_0_3_outputs,Emb1.V00,-0.94866556,1.6211188,-0.25194547,1.1118758,-1.2817798,0.86106014
attn_0_3_outputs,Emb1.V01,1.3034253,1.1873939,0.74421877,-0.308203,-0.7699576,-1.3604248
attn_0_3_outputs,Emb1.V02,-0.70892596,-2.6404788,0.062068235,-0.97599864,2.3362958,3.2258844
attn_0_3_outputs,Emb1.V03,1.0571826,1.245154,0.16704445,-0.33553892,-0.678486,-1.2851975
attn_0_3_outputs,Emb1.V04,-1.5175369,-0.4174714,0.9333258,0.20372647,0.14715545,-1.1614876
attn_0_3_outputs,Emb1.V05,-0.025072163,3.0436301,0.2204915,-1.4656494,1.7836211,-2.2066438
attn_0_3_outputs,Emb1.V06,-2.093735,1.2574089,2.2701979,0.34308025,-2.497018,0.56262183
attn_0_3_outputs,Emb1.V07,-0.62481314,0.079812534,-0.39294407,-1.1313189,5.3988457,0.13373566
attn_0_3_outputs,Emb1.V08,0.075773664,-2.5535002,-1.5954471,2.555434,-2.1789753,2.379355
attn_0_3_outputs,Emb1.V09,-1.7291411,0.50943404,-0.6070826,-0.26127556,-0.4009479,0.32658446
attn_0_3_outputs,Emb1.V10,-2.1197617,-2.1912243,-0.8189851,1.8473847,1.3770111,-1.1561831
attn_0_3_outputs,Emb1.V11,-1.1902466,-0.99446136,1.3171499,0.16922952,-0.68007064,-0.16244885
attn_0_3_outputs,Emb1.V12,3.8532732,0.74984926,1.7289472,-1.687559,-1.2684302,-1.6525308
attn_0_3_outputs,Emb1.V13,0.42157942,-3.3369172,-1.4709347,-0.30270717,-1.8281697,6.693283
attn_0_3_outputs,Emb1.V14,0.30044872,0.012123593,-0.67864037,-0.47321573,0.2108739,1.817003
attn_0_3_outputs,Emb1.V15,0.48466814,-3.200116,3.0983706,0.27687368,0.88743484,0.17966375
attn_0_3_outputs,Emb1.V16,4.6965923,-2.702772,-1.2438415,0.8803066,0.32007825,-1.1145215
attn_0_3_outputs,Emb1.V17,-4.5092764,-3.652101,-1.428196,4.69473,-0.99642456,-2.7076213
attn_0_3_outputs,Emb1.V18,-1.1380672,-2.017195,1.9469868,-0.09117603,0.9670561,-1.0380414
attn_0_3_outputs,Emb1.V19,-3.1380825,-1.434756,-1.2449747,2.7443576,0.28723973,-2.0934618
attn_0_3_outputs,Emb1.V20,-1.7761229,-1.1806037,1.8696568,-0.924886,-1.9483417,3.3919334
attn_0_3_outputs,Emb1.V21,-0.81458676,0.5269644,-0.07251219,-0.18246697,0.20004855,1.304647
attn_0_3_outputs,Emb1.V22,0.73749226,2.2729652,-1.439453,0.61502427,-0.50830925,-1.6219728
attn_0_3_outputs,Emb1.V23,-3.088193,0.5065364,0.70357424,0.32746455,0.35398993,-2.1357405
attn_0_3_outputs,Emb1.V24,-0.17495203,0.6668158,-1.5197387,-0.39024404,-0.3620343,3.2559004
attn_1_0_outputs,Emb3.V00,-2.600756,0.21187758,-0.0588262,0.05220977,0.3747065,-0.8037331
attn_1_0_outputs,Emb3.V01,0.18158843,0.5077844,0.4650505,0.11757494,-0.50751674,-0.21626611
attn_1_0_outputs,Emb3.V02,-1.4072937,0.5106132,1.3683454,-0.51680005,0.67948806,-0.719283
attn_1_0_outputs,Emb3.V03,0.20112975,0.66927415,0.22651993,0.41805342,0.84364593,0.14004806
attn_1_0_outputs,Emb3.V04,0.5753512,0.113890305,-0.25771067,0.601706,1.0310181,1.2252046
attn_1_0_outputs,Emb3.V05,0.050739124,0.76539415,-0.4631132,-0.041085888,0.15884851,-1.3896123
attn_1_0_outputs,Emb3.V06,-0.8474422,0.28634942,1.238836,-0.11207255,-0.44606012,0.22565353
attn_1_0_outputs,Emb3.V07,-0.1561428,1.209405,-0.049997445,-0.0254423,0.13925089,0.81984794
attn_1_0_outputs,Emb3.V08,0.4319792,-1.7912935,-1.3388284,2.9535575,-1.20167,-1.1005927
attn_1_0_outputs,Emb3.V09,-1.1459924,-1.4807687,0.31458524,-0.5022021,2.930939,0.6074806
attn_1_0_outputs,Emb3.V10,-0.5494277,0.16067679,-0.4000456,1.0015714,0.5259747,0.7637021
attn_1_0_outputs,Emb3.V11,0.64241725,-0.18992734,0.6872975,0.3034556,-0.9990613,0.30789176
attn_1_0_outputs,Emb3.V12,2.3438709,0.46072316,0.28464463,-0.89413625,-0.8713053,0.73774195
attn_1_0_outputs,Emb3.V13,-0.7075375,-1.7112905,-0.94426966,-0.15770619,-0.7541587,3.5879629
attn_1_0_outputs,Emb3.V14,-1.1746207,-0.8187528,1.3398683,0.2599556,-0.65566987,-0.37573272
attn_1_0_outputs,Emb3.V15,-1.160728,-1.3839203,0.5711552,1.1505024,0.6186175,-0.36919636
attn_1_0_outputs,Emb3.V16,-1.0763155,-0.072243825,-0.028270638,0.18543902,0.0008777635,-0.3381888
attn_1_0_outputs,Emb3.V17,-1.8439696,-1.5358976,0.5441497,2.0775719,-0.37989005,-2.4070773
attn_1_0_outputs,Emb3.V18,-0.8289713,0.8871612,-0.968404,0.57480526,0.74239224,0.45916533
attn_1_0_outputs,Emb3.V19,-0.7361516,0.30356854,0.380216,0.7237343,-0.14172496,-1.0035493
attn_1_0_outputs,Emb3.V20,-1.7847676,1.1462411,-0.87166244,-0.8358332,0.36732018,2.3551872
attn_1_0_outputs,Emb3.V21,3.4542127,-0.44118345,-0.12448504,1.0416594,-2.1546373,-1.9083043
attn_1_0_outputs,Emb3.V22,-1.4149089,-0.024164697,0.48756146,-0.47757262,0.29530293,-0.6540515
attn_1_0_outputs,Emb3.V23,0.44474137,0.033827245,-1.327938,-0.33470392,2.7120936,-0.81318384
attn_1_0_outputs,Emb3.V24,-1.5635003,-0.96829104,1.3253771,-0.12219276,-0.8637202,2.6029265
attn_1_1_outputs,Emb0.V00,-0.41385597,1.2439674,-0.59070414,0.7859524,-0.6993132,-0.33692884
attn_1_1_outputs,Emb0.V01,-1.1162386,0.34280133,0.32999668,0.5451438,0.09448225,0.268168
attn_1_1_outputs,Emb0.V02,-0.40096363,0.24866442,1.3099027,0.33809057,0.2686581,0.335205
attn_1_1_outputs,Emb0.V03,0.2121075,-0.1460881,0.2693803,-0.05446957,1.4158913,0.09800167
attn_1_1_outputs,Emb0.V04,-0.36203086,0.15913619,0.12182138,0.003127457,1.3629546,0.6134342
attn_1_1_outputs,Emb0.V05,0.14834188,0.98435485,0.5718152,-0.44422734,0.9635427,0.062876806
attn_1_1_outputs,Emb0.V06,-0.24036652,1.0953685,0.87067723,-0.7939926,-0.14870039,0.5716809
attn_1_1_outputs,Emb0.V07,0.014504373,2.6749861,-0.6030448,-1.5025322,-1.675041,1.1488909
attn_1_1_outputs,Emb0.V08,1.805637,0.35567877,0.09820628,0.27208406,-0.7691133,-0.26947093
attn_1_1_outputs,Emb0.V09,-1.9986838,0.6721692,0.018643208,-0.92572093,3.6410892,0.16203573
attn_1_1_outputs,Emb0.V10,-1.2518964,-1.7934296,0.9142831,0.48181412,1.7705927,0.67642504
attn_1_1_outputs,Emb0.V11,0.5933818,-0.07157586,0.5876396,-0.50378424,-0.5194008,0.6073406
attn_1_1_outputs,Emb0.V12,1.2827655,0.54199415,0.171261,-0.94797134,-1.0645466,0.40470955
attn_1_1_outputs,Emb0.V13,-0.8596524,-0.804213,-0.84110016,0.085995264,-0.4439837,2.5096018
attn_1_1_outputs,Emb0.V14,0.6331238,0.42467687,-0.19140391,0.07951194,0.034671266,-0.105502866
attn_1_1_outputs,Emb0.V15,-0.6619968,-0.7182667,2.426057,-0.005562659,0.51536196,-1.119506
attn_1_1_outputs,Emb0.V16,-0.18341313,-0.8261769,-0.46816513,1.0389764,-0.6186141,-0.16033797
attn_1_1_outputs,Emb0.V17,-1.5043635,-1.3401651,-0.14377384,2.233255,-2.2368135,-1.3456274
attn_1_1_outputs,Emb0.V18,-0.8739185,-1.0812392,-0.026857544,-0.25628963,0.4066292,0.37102276
attn_1_1_outputs,Emb0.V19,-1.3117197,0.3039347,0.7924601,1.0804322,0.20305964,-2.6606529
attn_1_1_outputs,Emb0.V20,-0.52876943,0.23594755,-0.5065063,-0.7285566,-0.18071306,1.5342891
attn_1_1_outputs,Emb0.V21,1.1274587,-3.2469702,-0.26957637,3.6360564,-2.3952835,-2.7798443
attn_1_1_outputs,Emb0.V22,0.079820015,0.28175992,0.69101256,0.3641,0.27476177,-0.39686942
attn_1_1_outputs,Emb0.V23,-0.35216245,-0.40488002,0.18850121,0.5875548,0.73376167,-0.3230111
attn_1_1_outputs,Emb0.V24,0.5128476,-0.5197049,0.10141888,-0.23031259,-1.2474227,2.262599
attn_1_2_outputs,Emb3.V00,-2.1008732,-0.29194424,-0.1346396,1.0930967,-1.5675241,-1.5665116
attn_1_2_outputs,Emb3.V01,0.1542992,1.2094462,-0.38060635,0.077275805,-0.6915146,-1.0709825
attn_1_2_outputs,Emb3.V02,-1.6283312,-0.13128299,2.0809865,-0.20994309,0.4817627,-1.0657018
attn_1_2_outputs,Emb3.V03,-0.13665746,0.34256753,-0.4726827,-0.3378797,1.0882415,-0.3871242
attn_1_2_outputs,Emb3.V04,0.824302,-1.0445765,-0.30674726,-0.026299361,-0.0755997,0.864297
attn_1_2_outputs,Emb3.V05,1.0636044,3.776142,-1.3718321,-1.271797,-0.33952135,-1.6218634
attn_1_2_outputs,Emb3.V06,-1.4842736,-0.582896,3.1395593,-0.4395576,-1.1072593,-0.5943742
attn_1_2_outputs,Emb3.V07,0.15396032,1.1261543,0.2590019,-0.5837315,-0.43316916,1.4762274
attn_1_2_outputs,Emb3.V08,-2.9223692,-2.0002596,-1.4832122,3.6009374,-2.337365,-2.2264142
attn_1_2_outputs,Emb3.V09,-1.5476167,-1.8265167,-0.8990977,0.39397842,4.168646,-0.36945307
attn_1_2_outputs,Emb3.V10,-0.45114717,0.4060777,-0.61390233,1.6357168,-0.9571685,-0.39136142
attn_1_2_outputs,Emb3.V11,0.7809536,0.5598697,-0.0047697723,-0.050420392,-0.57172096,-0.20649965
attn_1_2_outputs,Emb3.V12,2.0663445,0.32460478,1.0624105,-0.266622,-2.202851,1.2602292
attn_1_2_outputs,Emb3.V13,1.4893514,-3.386758,-2.2457457,0.23025896,-0.16205402,6.15419
attn_1_2_outputs,Emb3.V14,-1.0399652,0.298523,1.3653545,-0.38749468,-0.4686037,-0.71464115
attn_1_2_outputs,Emb3.V15,-2.21486,-1.7273782,0.1932334,0.98530185,1.6481507,0.018673396
attn_1_2_outputs,Emb3.V16,-0.6389154,0.411907,0.47548062,0.49810496,0.778189,0.8233702
attn_1_2_outputs,Emb3.V17,-2.1139517,-0.63970596,1.2505336,0.96007985,0.035049934,-0.18231598
attn_1_2_outputs,Emb3.V18,-1.3571994,-0.33731228,2.0508714,-0.22340195,-0.15136611,-0.41337386
attn_1_2_outputs,Emb3.V19,0.65087086,-0.7177847,0.658032,0.28768978,-0.12970057,-1.0032932
attn_1_2_outputs,Emb3.V20,0.3696931,-0.26430923,-0.071988665,-0.8426627,-0.6269477,1.8531177
attn_1_2_outputs,Emb3.V21,2.716522,-0.50202465,1.0839362,-0.8704109,-0.4321313,-1.2872214
attn_1_2_outputs,Emb3.V22,-1.4871987,-0.21298091,0.97292966,0.99455714,-0.15412197,-0.79518306
attn_1_2_outputs,Emb3.V23,1.3996235,-0.117573336,-2.5052793,-0.122201964,4.3278813,-2.7260256
attn_1_2_outputs,Emb3.V24,-0.3002538,-0.47221735,1.8782862,-0.5710487,-1.8581897,0.88344634
attn_1_3_outputs,Emb0.V00,-0.014820323,1.2611684,-0.94403875,0.12261923,0.297166,0.013979411
attn_1_3_outputs,Emb0.V01,0.14873599,0.34964752,1.003941,0.16072619,-0.24183057,-0.1295805
attn_1_3_outputs,Emb0.V02,-0.26272887,0.5325272,0.029147757,-0.14806674,0.7650234,0.3074549
attn_1_3_outputs,Emb0.V03,-0.27784255,0.93543833,-0.3919391,0.66015005,0.03773238,-0.61419225
attn_1_3_outputs,Emb0.V04,-0.37868485,0.16145946,-0.2531615,0.30760574,1.4485575,-0.26471168
attn_1_3_outputs,Emb0.V05,0.7396856,1.0799911,0.17436896,-0.5735488,0.4434753,0.15746303
attn_1_3_outputs,Emb0.V06,1.2101094,1.5044223,0.035534963,-0.13170615,-0.5119809,-0.6104879
attn_1_3_outputs,Emb0.V07,-0.89015067,2.0440512,0.25091827,-0.2323502,-0.6903444,1.3155239
attn_1_3_outputs,Emb0.V08,1.8128929,-1.0833976,-0.58884835,0.76966757,0.049278166,0.30700368
attn_1_3_outputs,Emb0.V09,-1.6044632,-1.4280546,-0.7394817,-0.18234628,3.303473,0.40183404
attn_1_3_outputs,Emb0.V10,-1.0281653,-1.1284918,1.1895672,0.17352507,0.6254833,0.8598211
attn_1_3_outputs,Emb0.V11,0.39933276,-0.15668687,1.5003546,0.27154917,-0.8448117,0.49004033
attn_1_3_outputs,Emb0.V12,0.11330239,1.6932118,0.21326907,-1.0249305,-1.5250955,0.2829471
attn_1_3_outputs,Emb0.V13,-1.8447726,-0.09810874,-0.2996589,0.5056086,-0.47071305,1.7364639
attn_1_3_outputs,Emb0.V14,1.5348403,-0.5787159,0.52294123,0.5011012,-0.14964768,-0.30257457
attn_1_3_outputs,Emb0.V15,-1.4336444,-1.7215731,1.7667133,0.7286097,0.9699661,-0.57044894
attn_1_3_outputs,Emb0.V16,-0.7278752,-2.1114795,0.52379316,0.6713507,0.71890086,0.12661141
attn_1_3_outputs,Emb0.V17,-1.6852025,-1.9326942,0.21328576,2.186901,-1.1633875,-0.7999815
attn_1_3_outputs,Emb0.V18,0.009030835,0.5684825,0.09676725,-0.5951355,-0.23094727,0.46725738
attn_1_3_outputs,Emb0.V19,-2.839771,-0.6645737,1.3666427,1.3090974,0.6006596,-2.5446439
attn_1_3_outputs,Emb0.V20,-1.602621,-0.7757882,-0.7637065,-0.9588545,-0.011557364,3.2792044
attn_1_3_outputs,Emb0.V21,0.994382,-0.671323,0.12305133,2.0364587,-0.58813447,-1.4619318
attn_1_3_outputs,Emb0.V22,0.30854464,0.45931974,0.7442688,-0.16911645,0.16020676,-0.5079379
attn_1_3_outputs,Emb0.V23,-0.4985778,-0.7934336,0.040091153,0.7486316,0.94001067,-0.5279336
attn_1_3_outputs,Emb0.V24,-0.18591455,-0.7205836,0.6000378,-1.0961642,-0.3189546,1.9591724
mlp_0_0_outputs,0,0.13187358,-0.1480663,0.2513876,0.21257335,-0.31128928,0.20559342
mlp_0_0_outputs,1,0.21646066,-0.028578002,-0.17963065,0.8898533,0.8967309,0.26289883
mlp_0_0_outputs,10,-0.164164,0.8179273,-0.9114491,-0.036779072,0.0713613,-0.31423408
mlp_0_0_outputs,11,-0.18338773,-0.35663936,0.61101466,0.1013822,0.32785442,0.2651576
mlp_0_0_outputs,12,-0.68153954,0.17086503,0.50743,0.6840814,-0.069180325,-0.11683819
mlp_0_0_outputs,13,1.1249968,0.6902123,0.016971292,0.5136373,-0.26761484,0.25808156
mlp_0_0_outputs,14,-0.75085694,0.26095793,0.31777665,0.5833985,0.3870846,0.58204985
mlp_0_0_outputs,15,-0.3496509,0.14737438,0.10522819,0.30267233,0.122514576,0.044502474
mlp_0_0_outputs,16,-0.29464707,-0.119982235,0.79883355,0.23138617,0.8479177,-0.24372636
mlp_0_0_outputs,17,-0.4728635,0.46878177,-0.25261068,0.10586417,1.5146973,0.1606051
mlp_0_0_outputs,18,-0.32529366,0.23873582,0.3624892,0.1953365,-0.36611933,-0.013480528
mlp_0_0_outputs,19,-0.07119832,0.78075874,-0.8548023,0.25000215,0.17262995,0.06461558
mlp_0_0_outputs,2,-0.22919804,0.30930117,0.15686184,-0.016141629,-0.102671914,0.07556404
mlp_0_0_outputs,20,0.20645021,-0.28043044,-0.8493644,0.48795134,0.15866041,0.49866244
mlp_0_0_outputs,21,-0.68195194,0.032822628,-0.14666107,-0.1346658,-0.15213762,1.0900745
mlp_0_0_outputs,22,-0.489274,0.3216802,1.0074012,-0.3474632,-0.5320534,-0.1896478
mlp_0_0_outputs,23,-0.23173769,-0.36155984,-0.01305281,0.3140854,-0.77790344,0.5847737
mlp_0_0_outputs,24,-0.060825102,0.2816511,0.061947774,0.543587,0.2569309,-0.10559505
mlp_0_0_outputs,3,-0.52989566,0.48788032,-0.5457721,0.98584974,-0.5094392,-0.51642114
mlp_0_0_outputs,4,0.31185022,0.5458039,0.47378904,0.15320441,0.2404371,0.7850762
mlp_0_0_outputs,5,-0.35935053,0.15135927,-0.21853009,0.49401963,-0.43053758,0.16543895
mlp_0_0_outputs,6,-0.8975655,0.8034195,-0.26540872,0.25977895,0.25772044,-0.86794436
mlp_0_0_outputs,7,-0.6045914,0.022939736,0.021217922,0.19414958,0.662161,0.21718892
mlp_0_0_outputs,8,-0.9054686,0.10361727,0.24404995,0.66985345,0.3813822,0.6107155
mlp_0_0_outputs,9,-0.91982985,0.3989223,-0.05780243,0.31044617,0.29771662,-0.76260835
mlp_1_0_outputs,0,-0.9065802,-0.2826071,0.092741735,0.41905263,0.4032919,0.10974855
mlp_1_0_outputs,1,-0.3356373,0.50827366,-0.025412766,0.09912902,-0.7474997,-2.2589064
mlp_1_0_outputs,10,0.24898024,0.3625673,-0.2326037,0.30974293,0.3856606,-0.07109132
mlp_1_0_outputs,11,-0.44344568,0.25206357,0.7022963,0.79195434,1.1770245,0.3997172
mlp_1_0_outputs,12,0.5393994,-0.027374808,0.6939864,0.51995975,0.9435612,-0.1675708
mlp_1_0_outputs,13,-0.48655078,0.30756405,0.615738,0.46558252,-0.8318489,-0.72506905
mlp_1_0_outputs,14,-0.7290517,0.24711387,0.3966049,0.049353667,-0.40018204,-0.25451434
mlp_1_0_outputs,15,-0.48354474,0.25176585,0.6579578,0.5575898,0.39480492,0.35806045
mlp_1_0_outputs,16,-0.08541549,-0.064156495,-0.009789279,0.88315225,0.022944177,0.3029917
mlp_1_0_outputs,17,-0.08783309,-0.098251395,0.45197544,0.58897924,0.39608842,0.17097832
mlp_1_0_outputs,18,-0.41699445,-0.008625611,0.0733222,0.17312197,0.6838625,0.3138061
mlp_1_0_outputs,19,-0.45498902,0.28645268,-0.24125688,0.74901354,-0.06537178,-0.4097217
mlp_1_0_outputs,2,-0.3249647,-0.3914428,-0.35163108,0.5446281,0.5883151,-0.570158
mlp_1_0_outputs,20,-0.18505332,0.24852312,0.35968134,0.6241557,0.12740888,-1.3633983
mlp_1_0_outputs,21,-0.13513806,-0.44055265,0.27451098,0.42993036,-0.013696431,0.08674365
mlp_1_0_outputs,22,-0.33872235,0.1587973,-0.45046914,0.37856823,-0.37054265,-0.6085355
mlp_1_0_outputs,23,-0.48812738,-0.264286,0.021610351,0.52304155,0.47370458,0.5192731
mlp_1_0_outputs,24,0.08255188,-0.14140852,-0.09125628,0.09416234,-0.45565253,0.8254427
mlp_1_0_outputs,3,0.5407277,0.5513316,0.47359473,0.8482881,-0.5260135,-0.8990926
mlp_1_0_outputs,4,-0.20118365,-1.1282792,-0.5604287,-0.16346377,-0.13203873,0.76716536
mlp_1_0_outputs,5,-0.61586714,0.41414344,0.07201314,0.7239138,-0.48662764,0.5441178
mlp_1_0_outputs,6,-0.33199233,1.1228411,-0.269872,0.49885896,-0.029061034,-0.5599309
mlp_1_0_outputs,7,-0.20677742,-0.08818123,0.6987658,0.15809473,0.15926495,-0.842121
mlp_1_0_outputs,8,0.01451877,-0.5012617,0.5807597,-0.1778464,-0.28244334,-0.8388786
mlp_1_0_outputs,9,-0.838678,0.23925717,0.12731874,0.6531635,0.6213027,0.049406134
ones,_,0.14644368,-0.4605224,0.28887978,0.19103055,0.27637202,0.26848385
positions,0,-1.1326059,1.5792246,-0.2701282,-0.90460724,-0.19478986,-0.63321316
positions,1,-1.0288584,1.425913,-0.65679747,-0.48735845,0.23888937,-0.8160366
positions,10,-0.75584203,-1.6604195,0.76069194,0.13849436,-0.21764085,1.636859
positions,11,1.2038732,-1.7609966,-0.5804397,1.2946732,0.10110021,1.1274801
positions,12,2.5292065,-0.4089201,-1.2463671,0.8577091,-1.0832877,0.34953254
positions,13,3.125457,-0.15572801,-0.24283148,0.8334265,-0.64924526,0.5722046
positions,14,2.2444232,-0.83328944,-0.19643581,0.832322,0.14429544,-0.5607475
positions,15,1.427199,-0.66151804,-1.3485371,0.32673252,0.671717,0.24588007
positions,16,2.1154807,0.3967366,-1.5207448,-0.10255737,-0.90061337,0.43318832
positions,17,1.4444435,0.37052366,-0.8718664,0.7657312,-0.3604809,-0.08553584
positions,18,2.3406606,1.3335489,-0.044126064,0.83461785,-1.1645049,-1.4076557
positions,19,1.4353117,-1.2589122,1.22087,0.4715653,-0.8090945,0.74725246
positions,2,-0.3795545,2.032911,-0.28041658,-0.4761158,0.074676365,-0.30868006
positions,20,-2.4812202,0.7426357,-0.37254822,0.9652484,-0.79551935,-2.1840198
positions,21,-2.3459544,0.55056155,-0.49093047,1.9750929,-1.9377106,-1.8019177
positions,22,-1.3291252,2.8355956,-0.6530875,1.1078765,-3.011894,-3.4125676
positions,23,-4.5342183,2.0206134,-2.4784667,1.8615315,-2.018468,-0.87670404
positions,24,-5.5068784,2.390165,-1.1152083,-1.2574401,-0.2776293,-1.3971609
positions,3,-1.0904953,1.6613199,-0.40437067,0.18392651,0.6899561,-0.41090396
positions,4,-0.37518743,1.9738353,-1.1468437,-0.8204407,0.06871165,-0.46608517
positions,5,-0.32038113,1.4671403,-0.7717158,0.52400047,-0.26423556,-0.8919749
positions,6,-1.0767046,-0.23623617,0.577762,-0.11103552,0.5503104,0.62171507
positions,7,-1.091054,-2.9416175,2.2762892,-0.20192611,0.24340074,0.94245106
positions,8,-0.6133295,-3.266856,2.3117359,0.36505577,0.39579606,0.6683526
positions,9,-1.046072,-3.2367709,0.9911988,-0.061091784,1.9367397,1.58698
var0_embeddings,Emb0.V00,-1.362165,1.4439497,-2.7416177,2.1716843,-1.0290012,-0.98789674
var0_embeddings,Emb0.V01,-0.53970206,1.1446621,1.7882862,-0.19927491,-1.2146002,-1.6406777
var0_embeddings,Emb0.V02,-0.3227258,-0.27546668,1.4990622,-1.3098911,1.6929702,0.4761486
var0_embeddings,Emb0.V03,-0.045020957,1.0629897,0.863269,-1.642103,1.9914539,-1.2317594
var0_embeddings,Emb0.V04,-0.5772834,-1.5735118,-1.6370265,-0.71613985,3.501231,1.3237408
var0_embeddings,Emb0.V05,0.3206879,2.8447309,-0.94130725,-1.2413081,0.6725443,-2.2301767
var0_embeddings,Emb0.V06,-0.38321927,1.7784245,-0.8470854,-2.3184488,-1.2747335,2.5712554
var0_embeddings,Emb0.V07,-0.09272955,4.049461,-1.9234822,-1.2578849,-2.428594,2.5823393
var0_embeddings,Emb0.V08,5.002766,-0.8490117,-4.701813,3.6509545,-0.561317,-1.5814149
var0_embeddings,Emb0.V09,-2.3034,-1.9852384,-3.7523963,-1.9714785,8.817628,0.23689027
var0_embeddings,Emb0.V10,-2.0407987,-4.095154,0.5898999,-0.80501646,3.9672494,0.8198391
var0_embeddings,Emb0.V11,1.7705095,0.567993,2.1887724,-1.5366582,-2.742751,2.2113106
var0_embeddings,Emb0.V12,2.0565155,2.7836542,-0.9799153,-1.0291954,-1.8905194,0.40874964
var0_embeddings,Emb0.V13,-1.2783488,-1.8619695,-2.831677,1.5619216,-1.1807013,4.510353
var0_embeddings,Emb0.V14,1.7291828,0.47626474,3.0150044,-1.7348008,-0.29478082,-2.502208
var0_embeddings,Emb0.V15,-1.5778649,-4.5968366,5.8959146,-0.870975,0.22338064,-2.7532718
var0_embeddings,Emb0.V16,0.16987379,-2.7377887,-0.51059264,3.111722,-0.39668828,-2.5060065
var0_embeddings,Emb0.V17,-1.3780829,-2.9139743,-1.1077329,3.3836768,-2.1256163,-2.000979
var0_embeddings,Emb0.V18,-1.1006817,-1.8727978,-1.8392518,1.0506587,2.1655161,0.6449489
var0_embeddings,Emb0.V19,-2.0794055,-1.4601375,2.151401,2.8234584,-3.4910295,-3.6127255
var0_embeddings,Emb0.V20,-2.1032236,-2.5756729,-2.185172,-1.2485443,-2.9707282,7.701858
var0_embeddings,Emb0.V21,3.5310364,-2.4120147,-2.6984112,4.6604786,-1.7877829,-2.5332804
var0_embeddings,Emb0.V22,-0.60927296,2.331281,1.4614567,0.7381454,-1.1629126,-2.7504442
var0_embeddings,Emb0.V23,-0.6714122,1.1297352,-0.105666354,-0.5145484,2.1202445,-1.578275
var0_embeddings,Emb0.V24,0.70172817,-3.8738885,0.8317692,0.20857008,-2.6837661,3.190589
var1_embeddings,Emb1.V00,-1.9171757,3.3054051,-2.3684285,0.20143199,-1.7339457,3.0640929
var1_embeddings,Emb1.V01,0.6820469,1.4703681,2.8725207,-1.4096813,-1.5386404,-0.9370554
var1_embeddings,Emb1.V02,-0.82562536,-4.6049333,-4.071772,-2.4571352,4.655125,6.467255
var1_embeddings,Emb1.V03,-0.032505535,2.205763,0.56530917,-1.0524477,-0.90061116,-0.84021765
var1_embeddings,Emb1.V04,-0.69588447,-1.3363363,1.443898,1.0988054,0.59217185,-1.361147
var1_embeddings,Emb1.V05,-1.1470141,3.565908,-1.7847458,-1.578728,3.3475423,-1.7033298
var1_embeddings,Emb1.V06,-2.204564,-2.283934,4.9849873,-0.27241895,-2.454649,1.5183909
var1_embeddings,Emb1.V07,-0.502005,-2.4329777,-0.26055643,-3.289771,8.678888,-2.357956
var1_embeddings,Emb1.V08,0.08171261,-3.863168,-3.2611067,2.9001524,-3.5750632,4.5257106
var1_embeddings,Emb1.V09,-1.6770482,-2.3886015,0.44413212,3.3993514,-2.8544617,-1.0492954
var1_embeddings,Emb1.V10,-2.2694721,-0.49852884,-2.2893493,2.5326462,1.6976283,-1.6941067
var1_embeddings,Emb1.V11,-0.50600773,-0.08515148,2.3135295,1.6691926,-1.4432034,-2.6267219
var1_embeddings,Emb1.V12,1.568591,1.8436842,3.735901,-2.9179623,-2.3251052,-2.679331
var1_embeddings,Emb1.V13,0.3703854,-1.0396807,-1.3605477,-0.8345574,-2.3883364,5.6350675
var1_embeddings,Emb1.V14,-0.07320518,2.3493447,-1.4231411,-2.0288243,-0.7825779,3.7427983
var1_embeddings,Emb1.V15,-0.1478556,-3.643157,2.708971,-1.2865704,2.7876282,-0.07120549
var1_embeddings,Emb1.V16,8.441975,-2.532713,-2.7924027,1.6311389,0.89858824,-1.1027584
var1_embeddings,Emb1.V17,-2.856421,-2.0936186,-3.8615332,5.738568,-1.6275964,-1.1629871
var1_embeddings,Emb1.V18,-0.03018949,-1.7300866,3.2112625,-1.1232555,2.6416087,-3.3805435
var1_embeddings,Emb1.V19,-0.52253574,-0.026363991,-2.5111802,3.5502708,0.8156493,-2.6760993
var1_embeddings,Emb1.V20,-1.0608753,-1.0324975,2.9416745,-1.6412506,-1.993905,3.3763542
var1_embeddings,Emb1.V21,-0.087742455,1.6370354,0.8508886,-2.9539065,-1.0266298,2.8017035
var1_embeddings,Emb1.V22,0.7790126,4.183401,-3.4008753,1.4576402,-2.2453077,-3.2315626
var1_embeddings,Emb1.V23,-2.6604643,-1.1804645,2.7215915,2.0640914,-0.9427232,-2.3759248
var1_embeddings,Emb1.V24,-2.5298448,0.8581132,-2.028893,-0.9882171,0.43145424,2.9148688
var2_embeddings,Emb2.V00,0.22314599,3.3526082,0.17261516,-0.28477097,-0.23317757,-2.1617243
var2_embeddings,Emb2.V01,-0.968347,0.90032154,3.5504167,-0.6521125,-2.6295192,-2.5006387
var2_embeddings,Emb2.V02,-1.8818609,-0.8913079,2.2408607,-0.0031500382,0.583933,-2.647248
var2_embeddings,Emb2.V03,-0.87107486,0.22290552,0.34905106,0.92017215,-1.4290875,-0.96140254
var2_embeddings,Emb2.V04,1.6918743,1.7015613,-4.131847,0.19789587,6.3984346,-2.7794006
var2_embeddings,Emb2.V05,-0.4095619,1.0071361,2.0206978,-0.9075702,-2.5770812,0.8044807
var2_embeddings,Emb2.V06,-1.8921835,3.4617522,1.6631906,-2.3192356,-1.6147469,-0.987437
var2_embeddings,Emb2.V07,-1.524157,4.3851876,-0.63157415,-1.5403361,-0.40022254,-0.75003725
var2_embeddings,Emb2.V08,-1.3425031,-2.8024359,-0.8092984,2.6627488,0.7379048,-0.62883586
var2_embeddings,Emb2.V09,-1.6466522,2.3509834,0.10451372,-0.3638281,-1.2536962,0.39377362
var2_embeddings,Emb2.V10,-2.0537562,-3.676128,-4.000249,1.179605,3.9692888,4.371443
var2_embeddings,Emb2.V11,-1.0986712,-2.65725,-3.0577025,1.974725,-2.3952897,5.190332
var2_embeddings,Emb2.V12,-1.4346402,-3.5615344,5.4246044,-0.78228915,-2.9850764,-0.6991023
var2_embeddings,Emb2.V13,3.7971518,-5.248647,-4.1660776,4.5462303,-2.914732,2.063019
var2_embeddings,Emb2.V14,1.5028458,-4.9389153,-3.9258764,6.87277,-2.8672988,-3.1595361
var2_embeddings,Emb2.V15,2.975481,-2.679733,1.862825,1.5133716,-0.75014,-3.3736682
var2_embeddings,Emb2.V16,-0.30261907,-1.0769843,4.6420517,-1.0468013,-0.64554405,-1.4377203
var2_embeddings,Emb2.V17,-2.0938752,-1.500843,-2.4421754,2.0733728,1.2536627,-0.16462892
var2_embeddings,Emb2.V18,0.50091285,-1.6141065,-1.3059385,-1.6813037,1.3030537,4.5223255
var2_embeddings,Emb2.V19,0.5378335,-1.4645811,0.7324671,-1.4718212,5.8163447,-1.6989012
var2_embeddings,Emb2.V20,0.70514816,-2.6727211,2.1736565,-1.5079347,4.6573977,-2.4041655
var2_embeddings,Emb2.V21,-1.6340857,-0.58783,-5.346439,1.9153244,0.082465336,4.7851353
var2_embeddings,Emb2.V22,-0.92815137,1.6111265,0.47074112,-1.7434076,3.0546343,-2.8395715
var2_embeddings,Emb2.V23,-2.2423592,-2.3881924,0.9021762,3.0433486,-2.8011765,0.2714703
var2_embeddings,Emb2.V24,2.1413295,2.797326,-3.5641675,-1.3730898,-3.1021986,5.2586675
var3_embeddings,Emb3.V00,-2.7277246,-1.9699215,0.798781,4.052165,-1.5282977,-2.6888704
var3_embeddings,Emb3.V01,-0.06001559,2.7929032,-0.6820434,0.2695426,0.19309163,-0.6223695
var3_embeddings,Emb3.V02,-1.3512553,-1.5629703,3.455373,-1.470053,1.1988811,-2.0852726
var3_embeddings,Emb3.V03,-1.4637922,0.084603876,-1.0385594,0.1294503,2.944203,1.2032646
var3_embeddings,Emb3.V04,3.8998885,-1.0000999,-0.6395354,0.35476324,-1.4540293,2.7023158
var3_embeddings,Emb3.V05,-1.0084723,3.3891058,-2.1242955,-0.83639497,0.124523684,-1.2808378
var3_embeddings,Emb3.V06,-1.6609352,-1.0382645,6.2485795,-1.3055519,-2.7781372,-1.7732629
var3_embeddings,Emb3.V07,-1.9365846,4.1491823,-1.2970752,-1.9484215,-1.6035435,2.6160164
var3_embeddings,Emb3.V08,-2.2247338,-2.7269142,-5.661683,7.7405043,-4.279282,-1.8297104
var3_embeddings,Emb3.V09,-1.2691107,-5.004792,-2.3334033,1.0632663,7.4267235,-0.8799362
var3_embeddings,Emb3.V10,-0.4602249,1.4832386,-1.7978094,2.9403102,-2.151229,-2.576094
var3_embeddings,Emb3.V11,0.29456246,3.107491,-0.3097557,-0.9299853,-1.7425568,0.29529947
var3_embeddings,Emb3.V12,2.113022,-0.9021465,0.40796408,-0.6726394,-0.97004616,2.6539004
var3_embeddings,Emb3.V13,-0.034684252,-4.956659,-2.03807,-1.067561,1.075121,7.627965
var3_embeddings,Emb3.V14,-0.40110555,-0.99736756,3.6897202,-1.7006032,0.1529605,-1.8073426
var3_embeddings,Emb3.V15,-2.5893967,-4.103907,-0.5911327,1.9442428,2.9220278,0.26729372
var3_embeddings,Emb3.V16,-1.1328452,0.8458938,-2.0047128,-2.3978288,3.0252542,2.7990901
var3_embeddings,Emb3.V17,-1.9429369,-1.6799179,4.3343663,1.5351154,-2.3832216,-5.0072207
var3_embeddings,Emb3.V18,-1.6559552,-1.2038672,2.2133567,1.7280277,-0.6698864,-1.0375621
var3_embeddings,Emb3.V19,-0.26543707,3.0492303,0.5797526,0.44766092,-1.3197523,-2.6855493
var3_embeddings,Emb3.V20,-0.29158863,0.81744874,-1.3747427,-3.1090841,0.6354836,3.5434659
var3_embeddings,Emb3.V21,6.389496,-0.3732517,2.6799042,-0.099074006,-3.93798,-3.2409017
var3_embeddings,Emb3.V22,-1.2300818,0.46954206,-0.15422826,1.544967,0.63084626,-1.8741224
var3_embeddings,Emb3.V23,3.0663972,0.2475674,-5.685137,-0.33662054,7.0691967,-2.425491
var3_embeddings,Emb3.V24,-0.36324188,-1.6539412,5.100934,-2.974252,-4.8496184,3.6072376
